{
	"credit": "Created by Stridey",
	"parent": "block/block",
	"textures": {
		"0": "block/mangrove_leaves_bush2",
		"1": "block/mangrove_leaves",
		"2": "block/mangrove_leaves_bush1_dark",
		"3": "block/mangrove_leaves_bush3",
		"4": "block/mangrove_leaves_side1",
		"5": "block/mangrove_leaves_side2",
		"particle": "block/mangrove_leaves"
	},
	"elements": [
		{
			"from": [0, 0, 0],
			"to": [16, 16, 16],
			"faces": {
				"north": {"uv": [0, 0, 16, 16], "texture": "#1", "cullface": "north", "tintindex": 0},
				"east": {"uv": [0, 0, 16, 16], "texture": "#1", "cullface": "east", "tintindex": 0},
				"south": {"uv": [0, 0, 16, 16], "texture": "#1", "cullface": "south", "tintindex": 0},
				"west": {"uv": [0, 0, 16, 16], "texture": "#1", "cullface": "west", "tintindex": 0},
				"up": {"uv": [0, 0, 16, 16], "texture": "#1", "cullface": "up", "tintindex": 0},
				"down": {"uv": [0, 0, 16, 16], "texture": "#1", "cullface": "down", "tintindex": 0}
			}
		},
		{
			"from": [8.07071, -16, 0.07071],
			"to": [8.07071, 0, 16.07071],
			"shade": false,
			"rotation": {"angle": 45, "axis": "y", "origin": [8, 8, 8], "rescale": true},
			"faces": {
				"east": {"uv": [0, 0, 16, 10], "texture": "#3", "cullface": "down", "tintindex": 0},
				"west": {"uv": [0, 0, 16, 10], "texture": "#3", "cullface": "down", "tintindex": 0}
			}
		},
		{
			"from": [8, 0, -8],
			"to": [8, 16, 0],
			"shade": false,
			"rotation": {"angle": 45, "axis": "z", "origin": [8, 8, 8], "rescale": true},
			"faces": {
				"east": {"uv": [0, 0, 8, 16], "texture": "#4", "cullface": "north", "tintindex": 0},
				"west": {"uv": [8, 0, 16, 16], "texture": "#5", "cullface": "north", "tintindex": 0}
			}
		},
		{
			"from": [16, 0, 8],
			"to": [24, 16, 8],
			"shade": false,
			"rotation": {"angle": -45, "axis": "x", "origin": [8, 8, 8], "rescale": true},
			"faces": {
				"north": {"uv": [8, 0, 16, 16], "texture": "#5", "cullface": "east", "tintindex": 0},
				"south": {"uv": [0, 0, 8, 16], "texture": "#4", "cullface": "east", "tintindex": 0}
			}
		},
		{
			"from": [8.07071, 16, 0.07071],
			"to": [8.07071, 24, 16.07071],
			"shade": false,
			"rotation": {"angle": 45, "axis": "y", "origin": [8, 8, 8], "rescale": true},
			"faces": {
				"east": {"uv": [0, 0, 16, 8], "rotation": 180, "texture": "#0", "cullface": "up", "tintindex": 0},
				"west": {"uv": [0, 0, 16, 8], "rotation": 180, "texture": "#0", "cullface": "up", "tintindex": 0}
			}
		},
		{
			"from": [8, 0, 16],
			"to": [8, 16, 24],
			"shade": false,
			"rotation": {"angle": 45, "axis": "z", "origin": [8, 8, 8], "rescale": true},
			"faces": {
				"east": {"uv": [8, 0, 16, 16], "texture": "#5", "cullface": "south", "tintindex": 0},
				"west": {"uv": [0, 0, 8, 16], "texture": "#4", "cullface": "south", "tintindex": 0}
			}
		},
		{
			"from": [-8, 0, 8],
			"to": [0, 16, 8],
			"shade": false,
			"rotation": {"angle": -45, "axis": "x", "origin": [8, 8, 8], "rescale": true},
			"faces": {
				"north": {"uv": [8, 0, 16, 16], "rotation": 180, "texture": "#5", "cullface": "west", "tintindex": 0},
				"south": {"uv": [8, 0, 16, 16], "texture": "#5", "cullface": "west", "tintindex": 0}
			}
		},
		{
			"from": [8.07071, -13, -0.07071],
			"to": [8.07071, 0, 15.92929],
			"shade": false,
			"rotation": {"angle": -45, "axis": "y", "origin": [8, 8, 8], "rescale": true},
			"faces": {
				"east": {"uv": [0, 0, 16, 13], "texture": "#2", "cullface": "down", "tintindex": 0},
				"west": {"uv": [0, 0, 16, 13], "texture": "#2", "cullface": "down", "tintindex": 0}
			}
		},
		{
			"from": [8, 0, -8],
			"to": [8, 16, 0],
			"shade": false,
			"rotation": {"angle": -45, "axis": "z", "origin": [8, 8, 8], "rescale": true},
			"faces": {
				"east": {"uv": [0, 0, 8, 16], "texture": "#4", "cullface": "north", "tintindex": 0},
				"west": {"uv": [8, 0, 16, 16], "texture": "#5", "cullface": "north", "tintindex": 0}
			}
		},
		{
			"from": [16, 0, 8],
			"to": [24, 16, 8],
			"shade": false,
			"rotation": {"angle": 45, "axis": "x", "origin": [8, 8, 8], "rescale": true},
			"faces": {
				"north": {"uv": [8, 0, 16, 16], "texture": "#5", "cullface": "east", "tintindex": 0},
				"south": {"uv": [0, 0, 8, 16], "texture": "#4", "cullface": "east", "tintindex": 0}
			}
		},
		{
			"from": [8.07071, 16, -0.07071],
			"to": [8.07071, 24, 15.92929],
			"shade": false,
			"rotation": {"angle": -45, "axis": "y", "origin": [8, 8, 8], "rescale": true},
			"faces": {
				"east": {"uv": [0, 0, 16, 8], "rotation": 180, "texture": "#0", "cullface": "up", "tintindex": 0},
				"west": {"uv": [0, 0, 16, 8], "rotation": 180, "texture": "#0", "cullface": "up", "tintindex": 0}
			}
		},
		{
			"from": [8, 0, 16],
			"to": [8, 16, 24],
			"shade": false,
			"rotation": {"angle": -45, "axis": "z", "origin": [8, 8, 8], "rescale": true},
			"faces": {
				"east": {"uv": [8, 0, 16, 16], "texture": "#5", "cullface": "south", "tintindex": 0},
				"west": {"uv": [0, 0, 8, 16], "texture": "#4", "cullface": "south", "tintindex": 0}
			}
		},
		{
			"from": [-8, 0, 8],
			"to": [0, 16, 8],
			"shade": false,
			"rotation": {"angle": 45, "axis": "x", "origin": [8, 8, 8], "rescale": true},
			"faces": {
				"north": {"uv": [8, 0, 16, 16], "rotation": 180, "texture": "#5", "cullface": "west", "tintindex": 0},
				"south": {"uv": [8, 0, 16, 16], "texture": "#5", "cullface": "west", "tintindex": 0}
			}
		}
	]
}