{
	"credit": "Created by Stridey",
	"textures": {
		"0": "block/sculk_vein",
		"particle": "block/sculk_vein"
	},
	"elements": [
		{
			"from": [0, 0, 0],
			"to": [2, 1, 1],
			"rotation": {"angle": 0, "axis": "x", "origin": [8, 0.5, 8]},
			"faces": {
				"north": {"uv": [14, 15, 16, 16], "texture": "#0", "cullface": "north"},
				"east": {"uv": [14, 15, 15, 16], "rotation": 270, "texture": "#0"},
				"south": {"uv": [14, 15, 16, 16], "rotation": 180, "texture": "#0"},
				"west": {"uv": [15, 15, 16, 16], "rotation": 90, "texture": "#0", "cullface": "west"},
				"up": {"uv": [14, 15, 16, 16], "rotation": 180, "texture": "#0"},
				"down": {"uv": [14, 15, 16, 16], "texture": "#0", "cullface": "down"}
			}
		},
		{
			"from": [9, 1, 0],
			"to": [11, 2, 1],
			"rotation": {"angle": 0, "axis": "x", "origin": [8, 0.5, 8]},
			"faces": {
				"north": {"uv": [5, 14, 7, 15], "rotation": 180, "texture": "#0", "cullface": "north"},
				"east": {"uv": [5, 14, 6, 15], "rotation": 270, "texture": "#0"},
				"south": {"uv": [5, 14, 7, 15], "texture": "#0"},
				"west": {"uv": [6, 14, 7, 15], "rotation": 90, "texture": "#0"},
				"up": {"uv": [5, 14, 7, 15], "rotation": 180, "texture": "#0"}
			}
		},
		{
			"from": [12, 1, 0],
			"to": [15, 5, 1],
			"rotation": {"angle": 0, "axis": "x", "origin": [8, 0.5, 8]},
			"faces": {
				"north": {"uv": [1, 11, 4, 15], "texture": "#0", "cullface": "north"},
				"east": {"uv": [1, 11, 2, 15], "texture": "#0"},
				"south": {"uv": [4, 11, 1, 15], "texture": "#0"},
				"west": {"uv": [3, 11, 4, 15], "texture": "#0"},
				"up": {"uv": [1, 11, 4, 12], "rotation": 180, "texture": "#0"},
				"down": {"uv": [1, 14, 4, 15], "rotation": 180, "texture": "#0"}
			}
		},
		{
			"from": [11, 2, 0],
			"to": [16, 4, 1],
			"rotation": {"angle": 0, "axis": "x", "origin": [8, 0.5, 8]},
			"faces": {
				"north": {"uv": [0, 12, 5, 14], "texture": "#0", "cullface": "north"},
				"east": {"uv": [0, 12, 1, 14], "texture": "#0", "cullface": "east"},
				"south": {"uv": [5, 12, 0, 14], "texture": "#0"},
				"west": {"uv": [4, 12, 5, 14], "texture": "#0"},
				"up": {"uv": [0, 12, 5, 13], "rotation": 180, "texture": "#0"},
				"down": {"uv": [0, 13, 5, 14], "rotation": 180, "texture": "#0"}
			}
		},
		{
			"from": [0, 3, 0],
			"to": [5, 5, 1],
			"rotation": {"angle": 0, "axis": "x", "origin": [8, 0.5, 8]},
			"faces": {
				"north": {"uv": [11, 11, 16, 13], "texture": "#0", "cullface": "north"},
				"east": {"uv": [11, 11, 12, 13], "rotation": 180, "texture": "#0"},
				"south": {"uv": [16, 11, 11, 13], "texture": "#0"},
				"west": {"uv": [15, 11, 16, 13], "texture": "#0", "cullface": "west"},
				"up": {"uv": [11, 11, 16, 12], "rotation": 180, "texture": "#0"},
				"down": {"uv": [11, 12, 16, 13], "rotation": 180, "texture": "#0"}
			}
		},
		{
			"from": [1, 2, 0],
			"to": [4, 6, 1],
			"rotation": {"angle": 0, "axis": "x", "origin": [8, 0.5, 8]},
			"faces": {
				"north": {"uv": [12, 10, 15, 14], "texture": "#0", "cullface": "north"},
				"east": {"uv": [12, 10, 13, 14], "texture": "#0"},
				"south": {"uv": [15, 10, 12, 14], "texture": "#0"},
				"west": {"uv": [14, 10, 15, 14], "texture": "#0"},
				"up": {"uv": [12, 10, 15, 11], "rotation": 180, "texture": "#0"},
				"down": {"uv": [12, 13, 15, 14], "rotation": 180, "texture": "#0"}
			}
		},
		{
			"from": [1, 8, 0],
			"to": [6, 10, 1],
			"rotation": {"angle": 0, "axis": "x", "origin": [8, 0.5, 8]},
			"faces": {
				"north": {"uv": [10, 6, 15, 8], "texture": "#0", "cullface": "north"},
				"east": {"uv": [10, 6, 11, 8], "rotation": 180, "texture": "#0"},
				"south": {"uv": [15, 6, 10, 8], "texture": "#0"},
				"west": {"uv": [14, 6, 15, 8], "texture": "#0"},
				"up": {"uv": [10, 6, 15, 7], "rotation": 180, "texture": "#0"},
				"down": {"uv": [10, 7, 15, 8], "rotation": 180, "texture": "#0"}
			}
		},
		{
			"from": [2, 7, 0],
			"to": [5, 11, 1],
			"rotation": {"angle": 0, "axis": "x", "origin": [8, 0.5, 8]},
			"faces": {
				"north": {"uv": [11, 5, 14, 9], "texture": "#0", "cullface": "north"},
				"east": {"uv": [11, 5, 12, 9], "texture": "#0"},
				"south": {"uv": [14, 5, 11, 9], "texture": "#0"},
				"west": {"uv": [13, 5, 14, 9], "texture": "#0"},
				"up": {"uv": [11, 5, 14, 6], "rotation": 180, "texture": "#0"},
				"down": {"uv": [11, 8, 14, 9], "rotation": 180, "texture": "#0"}
			}
		},
		{
			"from": [5, 4, 0],
			"to": [11, 7, 1],
			"rotation": {"angle": 0, "axis": "x", "origin": [8, 0.5, 8]},
			"faces": {
				"north": {"uv": [5, 9, 11, 12], "texture": "#0", "cullface": "north"},
				"east": {"uv": [5, 9, 6, 12], "texture": "#0"},
				"south": {"uv": [11, 9, 5, 12], "texture": "#0"},
				"west": {"uv": [10, 9, 11, 12], "texture": "#0"},
				"up": {"uv": [5, 9, 11, 10], "rotation": 180, "texture": "#0"},
				"down": {"uv": [5, 11, 11, 12], "rotation": 180, "texture": "#0"}
			}
		},
		{
			"from": [6, 3, 0],
			"to": [10, 8, 1],
			"rotation": {"angle": 0, "axis": "x", "origin": [8, 0.5, 8]},
			"faces": {
				"north": {"uv": [6, 8, 10, 13], "texture": "#0", "cullface": "north"},
				"east": {"uv": [6, 8, 7, 13], "texture": "#0"},
				"south": {"uv": [10, 8, 6, 13], "texture": "#0"},
				"west": {"uv": [9, 8, 10, 13], "texture": "#0"},
				"up": {"uv": [6, 8, 10, 9], "rotation": 180, "texture": "#0"},
				"down": {"uv": [6, 12, 10, 13], "rotation": 180, "texture": "#0"}
			}
		},
		{
			"from": [7, 10, 0],
			"to": [15, 12, 1],
			"rotation": {"angle": 0, "axis": "x", "origin": [8, 0.5, 8]},
			"faces": {
				"north": {"uv": [1, 4, 9, 6], "texture": "#0", "cullface": "north"},
				"east": {"uv": [1, 4, 2, 6], "texture": "#0"},
				"south": {"uv": [9, 4, 1, 6], "texture": "#0"},
				"west": {"uv": [8, 4, 9, 6], "texture": "#0"},
				"up": {"uv": [1, 4, 9, 5], "rotation": 180, "texture": "#0"},
				"down": {"uv": [1, 5, 9, 6], "texture": "#0"}
			}
		},
		{
			"from": [8, 9, 0],
			"to": [14, 13, 1],
			"rotation": {"angle": 0, "axis": "x", "origin": [8, 0.5, 8]},
			"faces": {
				"north": {"uv": [2, 3, 8, 7], "texture": "#0", "cullface": "north"},
				"east": {"uv": [2, 3, 3, 7], "texture": "#0"},
				"south": {"uv": [8, 3, 2, 7], "texture": "#0"},
				"west": {"uv": [7, 3, 8, 7], "texture": "#0"},
				"up": {"uv": [2, 3, 8, 4], "rotation": 180, "texture": "#0"},
				"down": {"uv": [2, 6, 8, 7], "texture": "#0"}
			}
		},
		{
			"from": [9, 8, 0],
			"to": [13, 14, 1],
			"rotation": {"angle": 0, "axis": "x", "origin": [8, 0.5, 8]},
			"faces": {
				"north": {"uv": [3, 2, 7, 8], "texture": "#0", "cullface": "north"},
				"east": {"uv": [3, 2, 4, 8], "rotation": 180, "texture": "#0"},
				"south": {"uv": [7, 2, 3, 8], "texture": "#0"},
				"west": {"uv": [6, 2, 7, 8], "texture": "#0"},
				"up": {"uv": [3, 2, 7, 3], "rotation": 180, "texture": "#0"},
				"down": {"uv": [3, 7, 7, 8], "texture": "#0"}
			}
		},
		{
			"from": [14, 5, 0],
			"to": [16, 9, 1],
			"rotation": {"angle": 0, "axis": "x", "origin": [8, 0.5, 8]},
			"faces": {
				"north": {"uv": [0, 7, 2, 11], "texture": "#0", "cullface": "north"},
				"east": {"uv": [0, 7, 1, 11], "texture": "#0", "cullface": "east"},
				"south": {"uv": [2, 7, 0, 11], "texture": "#0"},
				"west": {"uv": [1, 7, 2, 11], "texture": "#0"},
				"up": {"uv": [0, 7, 2, 8], "texture": "#0"},
				"down": {"uv": [0, 10, 2, 11], "rotation": 180, "texture": "#0"}
			}
		},
		{
			"from": [13, 6, 0],
			"to": [14, 8, 1],
			"rotation": {"angle": 0, "axis": "x", "origin": [8, 0.5, 8]},
			"faces": {
				"north": {"uv": [2, 8, 3, 10], "texture": "#0", "cullface": "north"},
				"south": {"uv": [2, 8, 3, 10], "texture": "#0"},
				"west": {"uv": [2, 8, 3, 10], "texture": "#0"},
				"up": {"uv": [2, 8, 3, 9], "rotation": 90, "texture": "#0"},
				"down": {"uv": [2, 9, 3, 10], "rotation": 270, "texture": "#0"}
			}
		},
		{
			"from": [0, 6, 0],
			"to": [1, 8, 1],
			"rotation": {"angle": 0, "axis": "x", "origin": [8, 0.5, 8]},
			"faces": {
				"north": {"uv": [15, 8, 16, 10], "texture": "#0", "cullface": "north"},
				"east": {"uv": [15, 8, 16, 10], "texture": "#0"},
				"south": {"uv": [15, 8, 16, 10], "texture": "#0"},
				"west": {"uv": [15, 8, 16, 10], "texture": "#0", "cullface": "west"},
				"up": {"uv": [15, 8, 16, 9], "rotation": 180, "texture": "#0"},
				"down": {"uv": [15, 9, 16, 10], "texture": "#0"}
			}
		},
		{
			"from": [0, 11, 0],
			"to": [2, 16, 1],
			"rotation": {"angle": 0, "axis": "x", "origin": [8, 0.5, 8]},
			"faces": {
				"north": {"uv": [14, 0, 16, 5], "texture": "#0", "cullface": "north"},
				"east": {"uv": [14, 0, 15, 5], "texture": "#0"},
				"south": {"uv": [16, 0, 14, 5], "texture": "#0"},
				"west": {"uv": [15, 0, 16, 5], "texture": "#0", "cullface": "west"},
				"up": {"uv": [14, 0, 16, 1], "rotation": 180, "texture": "#0", "cullface": "up"},
				"down": {"uv": [14, 4, 16, 5], "texture": "#0"}
			}
		},
		{
			"from": [3, 13, 0],
			"to": [4, 15, 1],
			"rotation": {"angle": 0, "axis": "x", "origin": [8, 0.5, 8]},
			"faces": {
				"north": {"uv": [12, 1, 13, 3], "texture": "#0", "cullface": "north"},
				"east": {"uv": [12, 1, 13, 3], "texture": "#0"},
				"south": {"uv": [13, 1, 12, 3], "texture": "#0"},
				"up": {"uv": [12, 1, 13, 2], "rotation": 180, "texture": "#0"},
				"down": {"uv": [12, 2, 13, 3], "texture": "#0"}
			}
		},
		{
			"from": [11, 15, 0],
			"to": [12, 16, 1],
			"rotation": {"angle": 0, "axis": "x", "origin": [8, 0.5, 8]},
			"faces": {
				"north": {"uv": [4, 0, 5, 1], "texture": "#0", "cullface": "north"},
				"east": {"uv": [4, 0, 5, 1], "rotation": 270, "texture": "#0"},
				"south": {"uv": [4, 0, 5, 1], "rotation": 180, "texture": "#0"},
				"up": {"uv": [4, 0, 5, 1], "rotation": 180, "texture": "#0", "cullface": "up"},
				"down": {"uv": [4, 0, 5, 1], "texture": "#0"}
			}
		},
		{
			"from": [5, 13, 0],
			"to": [8, 14, 1],
			"rotation": {"angle": 0, "axis": "x", "origin": [8, 0.5, 8]},
			"faces": {
				"north": {"uv": [8, 2, 11, 3], "texture": "#0", "cullface": "north"},
				"east": {"uv": [8, 2, 9, 3], "rotation": 90, "texture": "#0"},
				"south": {"uv": [8, 2, 11, 3], "rotation": 180, "texture": "#0"},
				"west": {"uv": [10, 2, 11, 3], "rotation": 270, "texture": "#0"},
				"down": {"uv": [8, 2, 11, 3], "rotation": 180, "texture": "#0"}
			}
		},
		{
			"from": [14, 13, 0],
			"to": [15, 15, 1],
			"rotation": {"angle": 0, "axis": "x", "origin": [8, 0.5, 8]},
			"faces": {
				"north": {"uv": [1, 1, 2, 3], "texture": "#0", "cullface": "north"},
				"south": {"uv": [1, 1, 2, 3], "texture": "#0"},
				"west": {"uv": [1, 1, 2, 3], "texture": "#0"},
				"up": {"uv": [1, 1, 2, 2], "rotation": 180, "texture": "#0"},
				"down": {"uv": [1, 2, 2, 3], "texture": "#0"}
			}
		},
		{
			"from": [15, 12, 0],
			"to": [16, 16, 1],
			"rotation": {"angle": 0, "axis": "x", "origin": [8, 0.5, 8]},
			"faces": {
				"north": {"uv": [0, 0, 1, 4], "texture": "#0", "cullface": "north"},
				"east": {"uv": [0, 0, 1, 4], "texture": "#0", "cullface": "east"},
				"south": {"uv": [0, 0, 1, 4], "texture": "#0"},
				"west": {"uv": [0, 0, 1, 4], "texture": "#0"},
				"up": {"uv": [0, 0, 1, 1], "rotation": 180, "texture": "#0", "cullface": "up"},
				"down": {"uv": [0, 3, 1, 4], "texture": "#0"}
			}
		},
		{
			"from": [4, 14, 0],
			"to": [11, 16, 1],
			"rotation": {"angle": 0, "axis": "x", "origin": [8, 0.5, 8]},
			"faces": {
				"north": {"uv": [5, 0, 12, 2], "texture": "#0", "cullface": "north"},
				"east": {"uv": [5, 0, 6, 2], "texture": "#0"},
				"south": {"uv": [5, 2, 12, 0], "rotation": 180, "texture": "#0"},
				"west": {"uv": [11, 0, 12, 2], "texture": "#0"},
				"up": {"uv": [5, 0, 12, 1], "rotation": 180, "texture": "#0", "cullface": "up"},
				"down": {"uv": [5, 1, 12, 2], "rotation": 180, "texture": "#0"}
			}
		},
		{
			"from": [2, 12, 0],
			"to": [3, 16, 1],
			"rotation": {"angle": 0, "axis": "x", "origin": [8, 0.5, 8]},
			"faces": {
				"north": {"uv": [13, 0, 14, 4], "texture": "#0", "cullface": "north"},
				"east": {"uv": [13, 0, 14, 4], "texture": "#0"},
				"south": {"uv": [14, 0, 13, 4], "texture": "#0"},
				"up": {"uv": [13, 0, 14, 1], "rotation": 180, "texture": "#0", "cullface": "up"},
				"down": {"uv": [13, 3, 14, 4], "texture": "#0"}
			}
		},
		{
			"from": [5, 1, 0],
			"to": [8, 2, 1],
			"rotation": {"angle": 0, "axis": "x", "origin": [8, 0.5, 8]},
			"faces": {
				"north": {"uv": [8, 14, 11, 15], "rotation": 180, "texture": "#0", "cullface": "north"},
				"east": {"uv": [8, 14, 9, 15], "rotation": 90, "texture": "#0"},
				"south": {"uv": [8, 14, 11, 15], "texture": "#0"},
				"west": {"uv": [10, 14, 11, 15], "rotation": 270, "texture": "#0"},
				"up": {"uv": [8, 14, 11, 15], "rotation": 180, "texture": "#0"}
			}
		},
		{
			"from": [4, 0, 0],
			"to": [12, 1, 1],
			"rotation": {"angle": 0, "axis": "x", "origin": [8, 0.5, 8]},
			"faces": {
				"north": {"uv": [4, 15, 12, 16], "texture": "#0", "cullface": "north"},
				"east": {"uv": [4, 15, 5, 16], "rotation": 270, "texture": "#0"},
				"south": {"uv": [4, 15, 12, 16], "rotation": 180, "texture": "#0"},
				"west": {"uv": [11, 15, 12, 16], "rotation": 90, "texture": "#0"},
				"up": {"uv": [4, 15, 12, 16], "rotation": 180, "texture": "#0"},
				"down": {"uv": [4, 15, 12, 16], "rotation": 180, "texture": "#0", "cullface": "down"}
			}
		}
	]
}