{
  "parent": "item/enchanted_book_levels/bane_of_arthropods1",
  "overrides": [
    {
      "predicate": {
        "level": 2
      },
      "model": "item/enchanted_book_levels/bane_of_arthropods2"
    },
    {
      "predicate": {
        "level": 3
      },
      "model": "item/enchanted_book_levels/bane_of_arthropods3"
    },
    {
      "predicate": {
        "level": 4
      },
      "model": "item/enchanted_book_levels/bane_of_arthropods4"
    },
    {
      "predicate": {
        "level": 5
      },
      "model": "item/enchanted_book_levels/bane_of_arthropods5"
    }
  ]
}
