{
  "parent": "item/enchanted_book_levels/density1",
  "overrides": [
    {
      "predicate": {
        "level": 2
      },
      "model": "item/enchanted_book_levels/density2"
    },
    {
      "predicate": {
        "level": 3
      },
      "model": "item/enchanted_book_levels/density3"
    },
    {
      "predicate": {
        "level": 4
      },
      "model": "item/enchanted_book_levels/density4"
    },
    {
      "predicate": {
        "level": 5
      },
      "model": "item/enchanted_book_levels/density5"
    }
  ]
}
