{
  "parent": "item/enchanted_book_levels/power1",
  "overrides": [
    {
      "predicate": {
        "level": 2
      },
      "model": "item/enchanted_book_levels/power2"
    },
    {
      "predicate": {
        "level": 3
      },
      "model": "item/enchanted_book_levels/power3"
    },
    {
      "predicate": {
        "level": 4
      },
      "model": "item/enchanted_book_levels/power4"
    },
    {
      "predicate": {
        "level": 5
      },
      "model": "item/enchanted_book_levels/power5"
    }
  ]
}
