{
  "parent": "item/enchanted_book_levels/sharpness1",
  "overrides": [
    {
      "predicate": {
        "level": 2
      },
      "model": "item/enchanted_book_levels/sharpness2"
    },
    {
      "predicate": {
        "level": 3
      },
      "model": "item/enchanted_book_levels/sharpness3"
    },
    {
      "predicate": {
        "level": 4
      },
      "model": "item/enchanted_book_levels/sharpness4"
    },
    {
      "predicate": {
        "level": 5
      },
      "model": "item/enchanted_book_levels/sharpness5"
    }
  ]
}
