{
	"credit": "Created by Stridey",
	"textures": {
		"3": "item/crossbow_standby",
		"particle": "item/crossbow_standby"
	},
	"elements": [
		{
			"name": "crossbow_standby_0",
			"from": [12, 15, 7.5],
			"to": [13, 16, 8.5],
			"faces": {
				"north": {"uv": [12, 1, 13, 0], "rotation": 180, "texture": "#3"},
				"east": {"uv": [12, 0, 13, 1], "texture": "#3"},
				"south": {"uv": [12, 0, 13, 1], "texture": "#3"},
				"west": {"uv": [12, 0, 13, 1], "texture": "#3"},
				"up": {"uv": [13, 0, 12, 1], "rotation": 180, "texture": "#3"},
				"down": {"uv": [12, 0, 13, 1], "texture": "#3"}
			}
		},
		{
			"name": "crossbow_standby_1",
			"from": [8, 14, 7.5],
			"to": [9, 15, 8.5],
			"faces": {
				"north": {"uv": [8, 2, 9, 1], "rotation": 180, "texture": "#3"},
				"east": {"uv": [8, 1, 9, 2], "texture": "#3"},
				"south": {"uv": [8, 1, 9, 2], "texture": "#3"},
				"west": {"uv": [8, 1, 9, 2], "texture": "#3"},
				"up": {"uv": [9, 1, 8, 2], "rotation": 180, "texture": "#3"},
				"down": {"uv": [8, 1, 9, 2], "texture": "#3"}
			}
		},
		{
			"name": "crossbow_standby_2",
			"from": [9, 14, 7.5],
			"to": [10, 15, 8.5],
			"faces": {
				"north": {"uv": [9, 2, 10, 1], "rotation": 180, "texture": "#3"},
				"east": {"uv": [9, 1, 10, 2], "texture": "#3"},
				"south": {"uv": [9, 1, 10, 2], "texture": "#3"},
				"west": {"uv": [9, 1, 10, 2], "texture": "#3"},
				"up": {"uv": [10, 1, 9, 2], "rotation": 180, "texture": "#3"},
				"down": {"uv": [9, 1, 10, 2], "texture": "#3"}
			}
		},
		{
			"name": "crossbow_standby_3",
			"from": [10, 14, 7.5],
			"to": [11, 15, 8.5],
			"faces": {
				"north": {"uv": [10, 2, 11, 1], "rotation": 180, "texture": "#3"},
				"east": {"uv": [10, 1, 11, 2], "texture": "#3"},
				"south": {"uv": [10, 1, 11, 2], "texture": "#3"},
				"west": {"uv": [10, 1, 11, 2], "texture": "#3"},
				"up": {"uv": [11, 1, 10, 2], "rotation": 180, "texture": "#3"},
				"down": {"uv": [10, 1, 11, 2], "texture": "#3"}
			}
		},
		{
			"name": "crossbow_standby_4",
			"from": [11, 14, 7.5],
			"to": [12, 15, 8.5],
			"faces": {
				"north": {"uv": [11, 2, 12, 1], "rotation": 180, "texture": "#3"},
				"east": {"uv": [11, 1, 12, 2], "texture": "#3"},
				"south": {"uv": [11, 1, 12, 2], "texture": "#3"},
				"west": {"uv": [11, 1, 12, 2], "texture": "#3"},
				"up": {"uv": [12, 1, 11, 2], "rotation": 180, "texture": "#3"},
				"down": {"uv": [11, 1, 12, 2], "texture": "#3"}
			}
		},
		{
			"name": "crossbow_standby_5",
			"from": [12, 14, 7.5],
			"to": [13, 15, 8.5],
			"faces": {
				"north": {"uv": [12, 2, 13, 1], "rotation": 180, "texture": "#3"},
				"east": {"uv": [12, 1, 13, 2], "texture": "#3"},
				"south": {"uv": [12, 1, 13, 2], "texture": "#3"},
				"west": {"uv": [12, 1, 13, 2], "texture": "#3"},
				"up": {"uv": [13, 1, 12, 2], "rotation": 180, "texture": "#3"},
				"down": {"uv": [12, 1, 13, 2], "texture": "#3"}
			}
		},
		{
			"name": "crossbow_standby_6",
			"from": [13, 14, 7.5],
			"to": [14, 15, 8.5],
			"faces": {
				"north": {"uv": [13, 2, 14, 1], "rotation": 180, "texture": "#3"},
				"east": {"uv": [13, 1, 14, 2], "texture": "#3"},
				"south": {"uv": [13, 1, 14, 2], "texture": "#3"},
				"west": {"uv": [13, 1, 14, 2], "texture": "#3"},
				"up": {"uv": [14, 1, 13, 2], "rotation": 180, "texture": "#3"},
				"down": {"uv": [13, 1, 14, 2], "texture": "#3"}
			}
		},
		{
			"name": "crossbow_standby_7",
			"from": [3, 13, 7.5],
			"to": [4, 14, 8.5],
			"faces": {
				"north": {"uv": [3, 3, 4, 2], "rotation": 180, "texture": "#3"},
				"east": {"uv": [3, 2, 4, 3], "texture": "#3"},
				"south": {"uv": [3, 2, 4, 3], "texture": "#3"},
				"west": {"uv": [3, 2, 4, 3], "texture": "#3"},
				"up": {"uv": [4, 2, 3, 3], "rotation": 180, "texture": "#3"},
				"down": {"uv": [3, 2, 4, 3], "texture": "#3"}
			}
		},
		{
			"name": "crossbow_standby_8",
			"from": [4, 13, 7.5],
			"to": [5, 14, 8.5],
			"faces": {
				"north": {"uv": [4, 3, 5, 2], "rotation": 180, "texture": "#3"},
				"east": {"uv": [4, 2, 5, 3], "texture": "#3"},
				"south": {"uv": [4, 2, 5, 3], "texture": "#3"},
				"west": {"uv": [4, 2, 5, 3], "texture": "#3"},
				"up": {"uv": [5, 2, 4, 3], "rotation": 180, "texture": "#3"},
				"down": {"uv": [4, 2, 5, 3], "texture": "#3"}
			}
		},
		{
			"name": "crossbow_standby_9",
			"from": [6, 13, 7.5],
			"to": [7, 14, 8.5],
			"faces": {
				"north": {"uv": [6, 3, 7, 2], "rotation": 180, "texture": "#3"},
				"east": {"uv": [6, 2, 7, 3], "texture": "#3"},
				"south": {"uv": [6, 2, 7, 3], "texture": "#3"},
				"west": {"uv": [6, 2, 7, 3], "texture": "#3"},
				"up": {"uv": [7, 2, 6, 3], "rotation": 180, "texture": "#3"},
				"down": {"uv": [6, 2, 7, 3], "texture": "#3"}
			}
		},
		{
			"name": "crossbow_standby_10",
			"from": [7, 13, 7.5],
			"to": [8, 14, 8.5],
			"faces": {
				"north": {"uv": [7, 3, 8, 2], "rotation": 180, "texture": "#3"},
				"east": {"uv": [7, 2, 8, 3], "texture": "#3"},
				"south": {"uv": [7, 2, 8, 3], "texture": "#3"},
				"west": {"uv": [7, 2, 8, 3], "texture": "#3"},
				"up": {"uv": [8, 2, 7, 3], "rotation": 180, "texture": "#3"},
				"down": {"uv": [7, 2, 8, 3], "texture": "#3"}
			}
		},
		{
			"name": "crossbow_standby_11",
			"from": [8, 13, 7.5],
			"to": [9, 14, 8.5],
			"faces": {
				"north": {"uv": [8, 3, 9, 2], "rotation": 180, "texture": "#3"},
				"east": {"uv": [8, 2, 9, 3], "texture": "#3"},
				"south": {"uv": [8, 2, 9, 3], "texture": "#3"},
				"west": {"uv": [8, 2, 9, 3], "texture": "#3"},
				"up": {"uv": [9, 2, 8, 3], "rotation": 180, "texture": "#3"},
				"down": {"uv": [8, 2, 9, 3], "texture": "#3"}
			}
		},
		{
			"name": "crossbow_standby_12",
			"from": [9, 13, 7.5],
			"to": [10, 14, 8.5],
			"faces": {
				"north": {"uv": [9, 3, 10, 2], "rotation": 180, "texture": "#3"},
				"east": {"uv": [9, 2, 10, 3], "texture": "#3"},
				"south": {"uv": [9, 2, 10, 3], "texture": "#3"},
				"west": {"uv": [9, 2, 10, 3], "texture": "#3"},
				"up": {"uv": [10, 2, 9, 3], "rotation": 180, "texture": "#3"},
				"down": {"uv": [9, 2, 10, 3], "texture": "#3"}
			}
		},
		{
			"name": "crossbow_standby_13",
			"from": [10, 13, 7.5],
			"to": [11, 14, 8.5],
			"faces": {
				"north": {"uv": [10, 3, 11, 2], "rotation": 180, "texture": "#3"},
				"east": {"uv": [10, 2, 11, 3], "texture": "#3"},
				"south": {"uv": [10, 2, 11, 3], "texture": "#3"},
				"west": {"uv": [10, 2, 11, 3], "texture": "#3"},
				"up": {"uv": [11, 2, 10, 3], "rotation": 180, "texture": "#3"},
				"down": {"uv": [10, 2, 11, 3], "texture": "#3"}
			}
		},
		{
			"name": "crossbow_standby_14",
			"from": [11, 13, 7.5],
			"to": [12, 14, 8.5],
			"faces": {
				"north": {"uv": [11, 3, 12, 2], "rotation": 180, "texture": "#3"},
				"east": {"uv": [11, 2, 12, 3], "texture": "#3"},
				"south": {"uv": [11, 2, 12, 3], "texture": "#3"},
				"west": {"uv": [11, 2, 12, 3], "texture": "#3"},
				"up": {"uv": [12, 2, 11, 3], "rotation": 180, "texture": "#3"},
				"down": {"uv": [11, 2, 12, 3], "texture": "#3"}
			}
		},
		{
			"name": "crossbow_standby_15",
			"from": [12, 13, 7.5],
			"to": [13, 14, 8.5],
			"faces": {
				"north": {"uv": [12, 3, 13, 2], "rotation": 180, "texture": "#3"},
				"east": {"uv": [12, 2, 13, 3], "texture": "#3"},
				"south": {"uv": [12, 2, 13, 3], "texture": "#3"},
				"west": {"uv": [12, 2, 13, 3], "texture": "#3"},
				"up": {"uv": [13, 2, 12, 3], "rotation": 180, "texture": "#3"},
				"down": {"uv": [12, 2, 13, 3], "texture": "#3"}
			}
		},
		{
			"name": "crossbow_standby_16",
			"from": [13, 13, 7.5],
			"to": [14, 14, 8.5],
			"faces": {
				"north": {"uv": [13, 3, 14, 2], "rotation": 180, "texture": "#3"},
				"east": {"uv": [13, 2, 14, 3], "texture": "#3"},
				"south": {"uv": [13, 2, 14, 3], "texture": "#3"},
				"west": {"uv": [13, 2, 14, 3], "texture": "#3"},
				"up": {"uv": [14, 2, 13, 3], "rotation": 180, "texture": "#3"},
				"down": {"uv": [13, 2, 14, 3], "texture": "#3"}
			}
		},
		{
			"name": "crossbow_standby_17",
			"from": [2, 12, 7.5],
			"to": [3, 13, 8.5],
			"faces": {
				"north": {"uv": [2, 4, 3, 3], "rotation": 180, "texture": "#3"},
				"east": {"uv": [2, 3, 3, 4], "texture": "#3"},
				"south": {"uv": [2, 3, 3, 4], "texture": "#3"},
				"west": {"uv": [2, 3, 3, 4], "texture": "#3"},
				"up": {"uv": [3, 3, 2, 4], "rotation": 180, "texture": "#3"},
				"down": {"uv": [2, 3, 3, 4], "texture": "#3"}
			}
		},
		{
			"name": "crossbow_standby_18",
			"from": [5, 12, 7.5],
			"to": [6, 13, 8.5],
			"faces": {
				"north": {"uv": [5, 4, 6, 3], "rotation": 180, "texture": "#3"},
				"east": {"uv": [5, 3, 6, 4], "texture": "#3"},
				"south": {"uv": [5, 3, 6, 4], "texture": "#3"},
				"west": {"uv": [5, 3, 6, 4], "texture": "#3"},
				"up": {"uv": [6, 3, 5, 4], "rotation": 180, "texture": "#3"},
				"down": {"uv": [5, 3, 6, 4], "texture": "#3"}
			}
		},
		{
			"name": "crossbow_standby_19",
			"from": [6, 12, 7.5],
			"to": [7, 13, 8.5],
			"faces": {
				"north": {"uv": [6, 4, 7, 3], "rotation": 180, "texture": "#3"},
				"east": {"uv": [6, 3, 7, 4], "texture": "#3"},
				"south": {"uv": [6, 3, 7, 4], "texture": "#3"},
				"west": {"uv": [6, 3, 7, 4], "texture": "#3"},
				"up": {"uv": [7, 3, 6, 4], "rotation": 180, "texture": "#3"},
				"down": {"uv": [6, 3, 7, 4], "texture": "#3"}
			}
		},
		{
			"name": "crossbow_standby_20",
			"from": [7, 12, 7.5],
			"to": [8, 13, 8.5],
			"faces": {
				"north": {"uv": [7, 4, 8, 3], "rotation": 180, "texture": "#3"},
				"east": {"uv": [7, 3, 8, 4], "texture": "#3"},
				"south": {"uv": [7, 3, 8, 4], "texture": "#3"},
				"west": {"uv": [7, 3, 8, 4], "texture": "#3"},
				"up": {"uv": [8, 3, 7, 4], "rotation": 180, "texture": "#3"},
				"down": {"uv": [7, 3, 8, 4], "texture": "#3"}
			}
		},
		{
			"name": "crossbow_standby_21",
			"from": [8, 12, 7.5],
			"to": [9, 13, 8.5],
			"faces": {
				"north": {"uv": [8, 4, 9, 3], "rotation": 180, "texture": "#3"},
				"east": {"uv": [8, 3, 9, 4], "texture": "#3"},
				"south": {"uv": [8, 3, 9, 4], "texture": "#3"},
				"west": {"uv": [8, 3, 9, 4], "texture": "#3"},
				"up": {"uv": [9, 3, 8, 4], "rotation": 180, "texture": "#3"},
				"down": {"uv": [8, 3, 9, 4], "texture": "#3"}
			}
		},
		{
			"name": "crossbow_standby_22",
			"from": [9, 12, 7.5],
			"to": [10, 13, 8.5],
			"faces": {
				"north": {"uv": [9, 4, 10, 3], "rotation": 180, "texture": "#3"},
				"east": {"uv": [9, 3, 10, 4], "texture": "#3"},
				"south": {"uv": [9, 3, 10, 4], "texture": "#3"},
				"west": {"uv": [9, 3, 10, 4], "texture": "#3"},
				"up": {"uv": [10, 3, 9, 4], "rotation": 180, "texture": "#3"},
				"down": {"uv": [9, 3, 10, 4], "texture": "#3"}
			}
		},
		{
			"name": "crossbow_standby_23",
			"from": [10, 12, 7.5],
			"to": [11, 13, 8.5],
			"faces": {
				"north": {"uv": [10, 4, 11, 3], "rotation": 180, "texture": "#3"},
				"east": {"uv": [10, 3, 11, 4], "texture": "#3"},
				"south": {"uv": [10, 3, 11, 4], "texture": "#3"},
				"west": {"uv": [10, 3, 11, 4], "texture": "#3"},
				"up": {"uv": [11, 3, 10, 4], "rotation": 180, "texture": "#3"},
				"down": {"uv": [10, 3, 11, 4], "texture": "#3"}
			}
		},
		{
			"name": "crossbow_standby_24",
			"from": [12, 12, 7.5],
			"to": [13, 13, 8.5],
			"faces": {
				"north": {"uv": [12, 4, 13, 3], "rotation": 180, "texture": "#3"},
				"east": {"uv": [12, 3, 13, 4], "texture": "#3"},
				"south": {"uv": [12, 3, 13, 4], "texture": "#3"},
				"west": {"uv": [12, 3, 13, 4], "texture": "#3"},
				"up": {"uv": [13, 3, 12, 4], "rotation": 180, "texture": "#3"},
				"down": {"uv": [12, 3, 13, 4], "texture": "#3"}
			}
		},
		{
			"name": "crossbow_standby_25",
			"from": [2, 11, 7.5],
			"to": [3, 12, 8.5],
			"faces": {
				"north": {"uv": [2, 5, 3, 4], "rotation": 180, "texture": "#3"},
				"east": {"uv": [2, 4, 3, 5], "texture": "#3"},
				"south": {"uv": [2, 4, 3, 5], "texture": "#3"},
				"west": {"uv": [2, 4, 3, 5], "texture": "#3"},
				"up": {"uv": [3, 4, 2, 5], "rotation": 180, "texture": "#3"},
				"down": {"uv": [2, 4, 3, 5], "texture": "#3"}
			}
		},
		{
			"name": "crossbow_standby_26",
			"from": [4, 11, 7.5],
			"to": [5, 12, 8.5],
			"faces": {
				"north": {"uv": [4, 5, 5, 4], "rotation": 180, "texture": "#3"},
				"east": {"uv": [4, 4, 5, 5], "texture": "#3"},
				"south": {"uv": [4, 4, 5, 5], "texture": "#3"},
				"west": {"uv": [4, 4, 5, 5], "texture": "#3"},
				"up": {"uv": [5, 4, 4, 5], "rotation": 180, "texture": "#3"},
				"down": {"uv": [4, 4, 5, 5], "texture": "#3"}
			}
		},
		{
			"name": "crossbow_standby_27",
			"from": [5, 11, 7.5],
			"to": [6, 12, 8.5],
			"faces": {
				"north": {"uv": [5, 5, 6, 4], "rotation": 180, "texture": "#3"},
				"east": {"uv": [5, 4, 6, 5], "texture": "#3"},
				"south": {"uv": [5, 4, 6, 5], "texture": "#3"},
				"west": {"uv": [5, 4, 6, 5], "texture": "#3"},
				"up": {"uv": [6, 4, 5, 5], "rotation": 180, "texture": "#3"},
				"down": {"uv": [5, 4, 6, 5], "texture": "#3"}
			}
		},
		{
			"name": "crossbow_standby_28",
			"from": [6, 11, 7.5],
			"to": [7, 12, 8.5],
			"faces": {
				"north": {"uv": [6, 5, 7, 4], "rotation": 180, "texture": "#3"},
				"east": {"uv": [6, 4, 7, 5], "texture": "#3"},
				"south": {"uv": [6, 4, 7, 5], "texture": "#3"},
				"west": {"uv": [6, 4, 7, 5], "texture": "#3"},
				"up": {"uv": [7, 4, 6, 5], "rotation": 180, "texture": "#3"},
				"down": {"uv": [6, 4, 7, 5], "texture": "#3"}
			}
		},
		{
			"name": "crossbow_standby_29",
			"from": [7, 11, 7.5],
			"to": [8, 12, 8.5],
			"faces": {
				"north": {"uv": [7, 5, 8, 4], "rotation": 180, "texture": "#3"},
				"east": {"uv": [7, 4, 8, 5], "texture": "#3"},
				"south": {"uv": [7, 4, 8, 5], "texture": "#3"},
				"west": {"uv": [7, 4, 8, 5], "texture": "#3"},
				"up": {"uv": [8, 4, 7, 5], "rotation": 180, "texture": "#3"},
				"down": {"uv": [7, 4, 8, 5], "texture": "#3"}
			}
		},
		{
			"name": "crossbow_standby_30",
			"from": [11, 11, 7.5],
			"to": [12, 12, 8.5],
			"faces": {
				"north": {"uv": [11, 5, 12, 4], "rotation": 180, "texture": "#3"},
				"east": {"uv": [11, 4, 12, 5], "texture": "#3"},
				"south": {"uv": [11, 4, 12, 5], "texture": "#3"},
				"west": {"uv": [11, 4, 12, 5], "texture": "#3"},
				"up": {"uv": [12, 4, 11, 5], "rotation": 180, "texture": "#3"},
				"down": {"uv": [11, 4, 12, 5], "texture": "#3"}
			}
		},
		{
			"name": "crossbow_standby_31",
			"from": [3, 10, 7.5],
			"to": [4, 11, 8.5],
			"faces": {
				"north": {"uv": [3, 6, 4, 5], "rotation": 180, "texture": "#3"},
				"east": {"uv": [3, 5, 4, 6], "texture": "#3"},
				"south": {"uv": [3, 5, 4, 6], "texture": "#3"},
				"west": {"uv": [3, 5, 4, 6], "texture": "#3"},
				"up": {"uv": [4, 5, 3, 6], "rotation": 180, "texture": "#3"},
				"down": {"uv": [3, 5, 4, 6], "texture": "#3"}
			}
		},
		{
			"name": "crossbow_standby_32",
			"from": [4, 10, 7.5],
			"to": [5, 11, 8.5],
			"faces": {
				"north": {"uv": [4, 6, 5, 5], "rotation": 180, "texture": "#3"},
				"east": {"uv": [4, 5, 5, 6], "texture": "#3"},
				"south": {"uv": [4, 5, 5, 6], "texture": "#3"},
				"west": {"uv": [4, 5, 5, 6], "texture": "#3"},
				"up": {"uv": [5, 5, 4, 6], "rotation": 180, "texture": "#3"},
				"down": {"uv": [4, 5, 5, 6], "texture": "#3"}
			}
		},
		{
			"name": "crossbow_standby_33",
			"from": [5, 10, 7.5],
			"to": [6, 11, 8.5],
			"faces": {
				"north": {"uv": [5, 6, 6, 5], "rotation": 180, "texture": "#3"},
				"east": {"uv": [5, 5, 6, 6], "texture": "#3"},
				"south": {"uv": [5, 5, 6, 6], "texture": "#3"},
				"west": {"uv": [5, 5, 6, 6], "texture": "#3"},
				"up": {"uv": [6, 5, 5, 6], "rotation": 180, "texture": "#3"},
				"down": {"uv": [5, 5, 6, 6], "texture": "#3"}
			}
		},
		{
			"name": "crossbow_standby_34",
			"from": [6, 10, 7.5],
			"to": [7, 11, 8.5],
			"faces": {
				"north": {"uv": [6, 6, 7, 5], "rotation": 180, "texture": "#3"},
				"east": {"uv": [6, 5, 7, 6], "texture": "#3"},
				"south": {"uv": [6, 5, 7, 6], "texture": "#3"},
				"west": {"uv": [6, 5, 7, 6], "texture": "#3"},
				"up": {"uv": [7, 5, 6, 6], "rotation": 180, "texture": "#3"},
				"down": {"uv": [6, 5, 7, 6], "texture": "#3"}
			}
		},
		{
			"name": "crossbow_standby_35",
			"from": [7, 10, 7.5],
			"to": [8, 11, 8.5],
			"faces": {
				"north": {"uv": [7, 6, 8, 5], "rotation": 180, "texture": "#3"},
				"east": {"uv": [7, 5, 8, 6], "texture": "#3"},
				"south": {"uv": [7, 5, 8, 6], "texture": "#3"},
				"west": {"uv": [7, 5, 8, 6], "texture": "#3"},
				"up": {"uv": [8, 5, 7, 6], "rotation": 180, "texture": "#3"},
				"down": {"uv": [7, 5, 8, 6], "texture": "#3"}
			}
		},
		{
			"name": "crossbow_standby_36",
			"from": [8, 10, 7.5],
			"to": [9, 11, 8.5],
			"faces": {
				"north": {"uv": [8, 6, 9, 5], "rotation": 180, "texture": "#3"},
				"east": {"uv": [8, 5, 9, 6], "texture": "#3"},
				"south": {"uv": [8, 5, 9, 6], "texture": "#3"},
				"west": {"uv": [8, 5, 9, 6], "texture": "#3"},
				"up": {"uv": [9, 5, 8, 6], "rotation": 180, "texture": "#3"},
				"down": {"uv": [8, 5, 9, 6], "texture": "#3"}
			}
		},
		{
			"name": "crossbow_standby_37",
			"from": [10, 10, 7.5],
			"to": [11, 11, 8.5],
			"faces": {
				"north": {"uv": [10, 6, 11, 5], "rotation": 180, "texture": "#3"},
				"east": {"uv": [10, 5, 11, 6], "texture": "#3"},
				"south": {"uv": [10, 5, 11, 6], "texture": "#3"},
				"west": {"uv": [10, 5, 11, 6], "texture": "#3"},
				"up": {"uv": [11, 5, 10, 6], "rotation": 180, "texture": "#3"},
				"down": {"uv": [10, 5, 11, 6], "texture": "#3"}
			}
		},
		{
			"name": "crossbow_standby_38",
			"from": [2, 9, 7.5],
			"to": [3, 10, 8.5],
			"faces": {
				"north": {"uv": [2, 7, 3, 6], "rotation": 180, "texture": "#3"},
				"east": {"uv": [2, 6, 3, 7], "texture": "#3"},
				"south": {"uv": [2, 6, 3, 7], "texture": "#3"},
				"west": {"uv": [2, 6, 3, 7], "texture": "#3"},
				"up": {"uv": [3, 6, 2, 7], "rotation": 180, "texture": "#3"},
				"down": {"uv": [2, 6, 3, 7], "texture": "#3"}
			}
		},
		{
			"name": "crossbow_standby_39",
			"from": [3, 9, 7.5],
			"to": [4, 10, 8.5],
			"faces": {
				"north": {"uv": [3, 7, 4, 6], "rotation": 180, "texture": "#3"},
				"east": {"uv": [3, 6, 4, 7], "texture": "#3"},
				"south": {"uv": [3, 6, 4, 7], "texture": "#3"},
				"west": {"uv": [3, 6, 4, 7], "texture": "#3"},
				"up": {"uv": [4, 6, 3, 7], "rotation": 180, "texture": "#3"},
				"down": {"uv": [3, 6, 4, 7], "texture": "#3"}
			}
		},
		{
			"name": "crossbow_standby_40",
			"from": [4, 9, 7.5],
			"to": [5, 10, 8.5],
			"faces": {
				"north": {"uv": [4, 7, 5, 6], "rotation": 180, "texture": "#3"},
				"east": {"uv": [4, 6, 5, 7], "texture": "#3"},
				"south": {"uv": [4, 6, 5, 7], "texture": "#3"},
				"west": {"uv": [4, 6, 5, 7], "texture": "#3"},
				"up": {"uv": [5, 6, 4, 7], "rotation": 180, "texture": "#3"},
				"down": {"uv": [4, 6, 5, 7], "texture": "#3"}
			}
		},
		{
			"name": "crossbow_standby_41",
			"from": [5, 9, 7.5],
			"to": [6, 10, 8.5],
			"faces": {
				"north": {"uv": [5, 7, 6, 6], "rotation": 180, "texture": "#3"},
				"east": {"uv": [5, 6, 6, 7], "texture": "#3"},
				"south": {"uv": [5, 6, 6, 7], "texture": "#3"},
				"west": {"uv": [5, 6, 6, 7], "texture": "#3"},
				"up": {"uv": [6, 6, 5, 7], "rotation": 180, "texture": "#3"},
				"down": {"uv": [5, 6, 6, 7], "texture": "#3"}
			}
		},
		{
			"name": "crossbow_standby_42",
			"from": [6, 9, 7.5],
			"to": [7, 10, 8.5],
			"faces": {
				"north": {"uv": [6, 7, 7, 6], "rotation": 180, "texture": "#3"},
				"east": {"uv": [6, 6, 7, 7], "texture": "#3"},
				"south": {"uv": [6, 6, 7, 7], "texture": "#3"},
				"west": {"uv": [6, 6, 7, 7], "texture": "#3"},
				"up": {"uv": [7, 6, 6, 7], "rotation": 180, "texture": "#3"},
				"down": {"uv": [6, 6, 7, 7], "texture": "#3"}
			}
		},
		{
			"name": "crossbow_standby_43",
			"from": [7, 9, 7.5],
			"to": [8, 10, 8.5],
			"faces": {
				"north": {"uv": [7, 7, 8, 6], "rotation": 180, "texture": "#3"},
				"east": {"uv": [7, 6, 8, 7], "texture": "#3"},
				"south": {"uv": [7, 6, 8, 7], "texture": "#3"},
				"west": {"uv": [7, 6, 8, 7], "texture": "#3"},
				"up": {"uv": [8, 6, 7, 7], "rotation": 180, "texture": "#3"},
				"down": {"uv": [7, 6, 8, 7], "texture": "#3"}
			}
		},
		{
			"name": "crossbow_standby_44",
			"from": [8, 9, 7.5],
			"to": [9, 10, 8.5],
			"faces": {
				"north": {"uv": [8, 7, 9, 6], "rotation": 180, "texture": "#3"},
				"east": {"uv": [8, 6, 9, 7], "texture": "#3"},
				"south": {"uv": [8, 6, 9, 7], "texture": "#3"},
				"west": {"uv": [8, 6, 9, 7], "texture": "#3"},
				"up": {"uv": [9, 6, 8, 7], "rotation": 180, "texture": "#3"},
				"down": {"uv": [8, 6, 9, 7], "texture": "#3"}
			}
		},
		{
			"name": "crossbow_standby_45",
			"from": [9, 9, 7.5],
			"to": [10, 10, 8.5],
			"faces": {
				"north": {"uv": [9, 7, 10, 6], "rotation": 180, "texture": "#3"},
				"east": {"uv": [9, 6, 10, 7], "texture": "#3"},
				"south": {"uv": [9, 6, 10, 7], "texture": "#3"},
				"west": {"uv": [9, 6, 10, 7], "texture": "#3"},
				"up": {"uv": [10, 6, 9, 7], "rotation": 180, "texture": "#3"},
				"down": {"uv": [9, 6, 10, 7], "texture": "#3"}
			}
		},
		{
			"name": "crossbow_standby_46",
			"from": [2, 8, 7.5],
			"to": [3, 9, 8.5],
			"faces": {
				"north": {"uv": [2, 8, 3, 7], "rotation": 180, "texture": "#3"},
				"east": {"uv": [2, 7, 3, 8], "texture": "#3"},
				"south": {"uv": [2, 7, 3, 8], "texture": "#3"},
				"west": {"uv": [2, 7, 3, 8], "texture": "#3"},
				"up": {"uv": [3, 7, 2, 8], "rotation": 180, "texture": "#3"},
				"down": {"uv": [2, 7, 3, 8], "texture": "#3"}
			}
		},
		{
			"name": "crossbow_standby_47",
			"from": [3, 8, 7.5],
			"to": [4, 9, 8.5],
			"faces": {
				"north": {"uv": [3, 8, 4, 7], "rotation": 180, "texture": "#3"},
				"east": {"uv": [3, 7, 4, 8], "texture": "#3"},
				"south": {"uv": [3, 7, 4, 8], "texture": "#3"},
				"west": {"uv": [3, 7, 4, 8], "texture": "#3"},
				"up": {"uv": [4, 7, 3, 8], "rotation": 180, "texture": "#3"},
				"down": {"uv": [3, 7, 4, 8], "texture": "#3"}
			}
		},
		{
			"name": "crossbow_standby_48",
			"from": [4, 8, 7.5],
			"to": [5, 9, 8.5],
			"faces": {
				"north": {"uv": [4, 8, 5, 7], "rotation": 180, "texture": "#3"},
				"east": {"uv": [4, 7, 5, 8], "texture": "#3"},
				"south": {"uv": [4, 7, 5, 8], "texture": "#3"},
				"west": {"uv": [4, 7, 5, 8], "texture": "#3"},
				"up": {"uv": [5, 7, 4, 8], "rotation": 180, "texture": "#3"},
				"down": {"uv": [4, 7, 5, 8], "texture": "#3"}
			}
		},
		{
			"name": "crossbow_standby_49",
			"from": [5, 8, 7.5],
			"to": [6, 9, 8.5],
			"faces": {
				"north": {"uv": [5, 8, 6, 7], "rotation": 180, "texture": "#3"},
				"east": {"uv": [5, 7, 6, 8], "texture": "#3"},
				"south": {"uv": [5, 7, 6, 8], "texture": "#3"},
				"west": {"uv": [5, 7, 6, 8], "texture": "#3"},
				"up": {"uv": [6, 7, 5, 8], "rotation": 180, "texture": "#3"},
				"down": {"uv": [5, 7, 6, 8], "texture": "#3"}
			}
		},
		{
			"name": "crossbow_standby_50",
			"from": [6, 8, 7.5],
			"to": [7, 9, 8.5],
			"faces": {
				"north": {"uv": [6, 8, 7, 7], "rotation": 180, "texture": "#3"},
				"east": {"uv": [6, 7, 7, 8], "texture": "#3"},
				"south": {"uv": [6, 7, 7, 8], "texture": "#3"},
				"west": {"uv": [6, 7, 7, 8], "texture": "#3"},
				"up": {"uv": [7, 7, 6, 8], "rotation": 180, "texture": "#3"},
				"down": {"uv": [6, 7, 7, 8], "texture": "#3"}
			}
		},
		{
			"name": "crossbow_standby_51",
			"from": [7, 8, 7.5],
			"to": [8, 9, 8.5],
			"faces": {
				"north": {"uv": [7, 8, 8, 7], "rotation": 180, "texture": "#3"},
				"east": {"uv": [7, 7, 8, 8], "texture": "#3"},
				"south": {"uv": [7, 7, 8, 8], "texture": "#3"},
				"west": {"uv": [7, 7, 8, 8], "texture": "#3"},
				"up": {"uv": [8, 7, 7, 8], "rotation": 180, "texture": "#3"},
				"down": {"uv": [7, 7, 8, 8], "texture": "#3"}
			}
		},
		{
			"name": "crossbow_standby_52",
			"from": [8, 8, 7.5],
			"to": [9, 9, 8.5],
			"faces": {
				"north": {"uv": [8, 8, 9, 7], "rotation": 180, "texture": "#3"},
				"east": {"uv": [8, 7, 9, 8], "texture": "#3"},
				"south": {"uv": [8, 7, 9, 8], "texture": "#3"},
				"west": {"uv": [8, 7, 9, 8], "texture": "#3"},
				"up": {"uv": [9, 7, 8, 8], "rotation": 180, "texture": "#3"},
				"down": {"uv": [8, 7, 9, 8], "texture": "#3"}
			}
		},
		{
			"name": "crossbow_standby_53",
			"from": [9, 8, 7.5],
			"to": [10, 9, 8.5],
			"faces": {
				"north": {"uv": [9, 8, 10, 7], "rotation": 180, "texture": "#3"},
				"east": {"uv": [9, 7, 10, 8], "texture": "#3"},
				"south": {"uv": [9, 7, 10, 8], "texture": "#3"},
				"west": {"uv": [9, 7, 10, 8], "texture": "#3"},
				"up": {"uv": [10, 7, 9, 8], "rotation": 180, "texture": "#3"},
				"down": {"uv": [9, 7, 10, 8], "texture": "#3"}
			}
		},
		{
			"name": "crossbow_standby_54",
			"from": [10, 8, 7.5],
			"to": [11, 9, 8.5],
			"faces": {
				"north": {"uv": [10, 8, 11, 7], "rotation": 180, "texture": "#3"},
				"east": {"uv": [10, 7, 11, 8], "texture": "#3"},
				"south": {"uv": [10, 7, 11, 8], "texture": "#3"},
				"west": {"uv": [10, 7, 11, 8], "texture": "#3"},
				"up": {"uv": [11, 7, 10, 8], "rotation": 180, "texture": "#3"},
				"down": {"uv": [10, 7, 11, 8], "texture": "#3"}
			}
		},
		{
			"name": "crossbow_standby_55",
			"from": [1, 7, 7.5],
			"to": [2, 8, 8.5],
			"faces": {
				"north": {"uv": [1, 9, 2, 8], "rotation": 180, "texture": "#3"},
				"east": {"uv": [1, 8, 2, 9], "texture": "#3"},
				"south": {"uv": [1, 8, 2, 9], "texture": "#3"},
				"west": {"uv": [1, 8, 2, 9], "texture": "#3"},
				"up": {"uv": [2, 8, 1, 9], "rotation": 180, "texture": "#3"},
				"down": {"uv": [1, 8, 2, 9], "texture": "#3"}
			}
		},
		{
			"name": "crossbow_standby_56",
			"from": [2, 7, 7.5],
			"to": [3, 8, 8.5],
			"faces": {
				"north": {"uv": [2, 9, 3, 8], "rotation": 180, "texture": "#3"},
				"east": {"uv": [2, 8, 3, 9], "texture": "#3"},
				"south": {"uv": [2, 8, 3, 9], "texture": "#3"},
				"west": {"uv": [2, 8, 3, 9], "texture": "#3"},
				"up": {"uv": [3, 8, 2, 9], "rotation": 180, "texture": "#3"},
				"down": {"uv": [2, 8, 3, 9], "texture": "#3"}
			}
		},
		{
			"name": "crossbow_standby_57",
			"from": [3, 7, 7.5],
			"to": [4, 8, 8.5],
			"faces": {
				"north": {"uv": [3, 9, 4, 8], "rotation": 180, "texture": "#3"},
				"east": {"uv": [3, 8, 4, 9], "texture": "#3"},
				"south": {"uv": [3, 8, 4, 9], "texture": "#3"},
				"west": {"uv": [3, 8, 4, 9], "texture": "#3"},
				"up": {"uv": [4, 8, 3, 9], "rotation": 180, "texture": "#3"},
				"down": {"uv": [3, 8, 4, 9], "texture": "#3"}
			}
		},
		{
			"name": "crossbow_standby_58",
			"from": [5, 7, 7.5],
			"to": [6, 8, 8.5],
			"faces": {
				"north": {"uv": [5, 9, 6, 8], "rotation": 180, "texture": "#3"},
				"east": {"uv": [5, 8, 6, 9], "texture": "#3"},
				"south": {"uv": [5, 8, 6, 9], "texture": "#3"},
				"west": {"uv": [5, 8, 6, 9], "texture": "#3"},
				"up": {"uv": [6, 8, 5, 9], "rotation": 180, "texture": "#3"},
				"down": {"uv": [5, 8, 6, 9], "texture": "#3"}
			}
		},
		{
			"name": "crossbow_standby_59",
			"from": [6, 7, 7.5],
			"to": [7, 8, 8.5],
			"faces": {
				"north": {"uv": [6, 9, 7, 8], "rotation": 180, "texture": "#3"},
				"east": {"uv": [6, 8, 7, 9], "texture": "#3"},
				"south": {"uv": [6, 8, 7, 9], "texture": "#3"},
				"west": {"uv": [6, 8, 7, 9], "texture": "#3"},
				"up": {"uv": [7, 8, 6, 9], "rotation": 180, "texture": "#3"},
				"down": {"uv": [6, 8, 7, 9], "texture": "#3"}
			}
		},
		{
			"name": "crossbow_standby_60",
			"from": [7, 7, 7.5],
			"to": [8, 8, 8.5],
			"faces": {
				"north": {"uv": [7, 9, 8, 8], "rotation": 180, "texture": "#3"},
				"east": {"uv": [7, 8, 8, 9], "texture": "#3"},
				"south": {"uv": [7, 8, 8, 9], "texture": "#3"},
				"west": {"uv": [7, 8, 8, 9], "texture": "#3"},
				"up": {"uv": [8, 8, 7, 9], "rotation": 180, "texture": "#3"},
				"down": {"uv": [7, 8, 8, 9], "texture": "#3"}
			}
		},
		{
			"name": "crossbow_standby_61",
			"from": [8, 7, 7.5],
			"to": [9, 8, 8.5],
			"faces": {
				"north": {"uv": [8, 9, 9, 8], "rotation": 180, "texture": "#3"},
				"east": {"uv": [8, 8, 9, 9], "texture": "#3"},
				"south": {"uv": [8, 8, 9, 9], "texture": "#3"},
				"west": {"uv": [8, 8, 9, 9], "texture": "#3"},
				"up": {"uv": [9, 8, 8, 9], "rotation": 180, "texture": "#3"},
				"down": {"uv": [8, 8, 9, 9], "texture": "#3"}
			}
		},
		{
			"name": "crossbow_standby_62",
			"from": [9, 7, 7.5],
			"to": [10, 8, 8.5],
			"faces": {
				"north": {"uv": [9, 9, 10, 8], "rotation": 180, "texture": "#3"},
				"east": {"uv": [9, 8, 10, 9], "texture": "#3"},
				"south": {"uv": [9, 8, 10, 9], "texture": "#3"},
				"west": {"uv": [9, 8, 10, 9], "texture": "#3"},
				"up": {"uv": [10, 8, 9, 9], "rotation": 180, "texture": "#3"},
				"down": {"uv": [9, 8, 10, 9], "texture": "#3"}
			}
		},
		{
			"name": "crossbow_standby_63",
			"from": [10, 7, 7.5],
			"to": [11, 8, 8.5],
			"faces": {
				"north": {"uv": [10, 9, 11, 8], "rotation": 180, "texture": "#3"},
				"east": {"uv": [10, 8, 11, 9], "texture": "#3"},
				"south": {"uv": [10, 8, 11, 9], "texture": "#3"},
				"west": {"uv": [10, 8, 11, 9], "texture": "#3"},
				"up": {"uv": [11, 8, 10, 9], "rotation": 180, "texture": "#3"},
				"down": {"uv": [10, 8, 11, 9], "texture": "#3"}
			}
		},
		{
			"name": "crossbow_standby_64",
			"from": [11, 7, 7.5],
			"to": [12, 8, 8.5],
			"faces": {
				"north": {"uv": [11, 9, 12, 8], "rotation": 180, "texture": "#3"},
				"east": {"uv": [11, 8, 12, 9], "texture": "#3"},
				"south": {"uv": [11, 8, 12, 9], "texture": "#3"},
				"west": {"uv": [11, 8, 12, 9], "texture": "#3"},
				"up": {"uv": [12, 8, 11, 9], "rotation": 180, "texture": "#3"},
				"down": {"uv": [11, 8, 12, 9], "texture": "#3"}
			}
		},
		{
			"name": "crossbow_standby_65",
			"from": [1, 6, 7.5],
			"to": [2, 7, 8.5],
			"faces": {
				"north": {"uv": [1, 10, 2, 9], "rotation": 180, "texture": "#3"},
				"east": {"uv": [1, 9, 2, 10], "texture": "#3"},
				"south": {"uv": [1, 9, 2, 10], "texture": "#3"},
				"west": {"uv": [1, 9, 2, 10], "texture": "#3"},
				"up": {"uv": [2, 9, 1, 10], "rotation": 180, "texture": "#3"},
				"down": {"uv": [1, 9, 2, 10], "texture": "#3"}
			}
		},
		{
			"name": "crossbow_standby_66",
			"from": [2, 6, 7.5],
			"to": [3, 7, 8.5],
			"faces": {
				"north": {"uv": [2, 10, 3, 9], "rotation": 180, "texture": "#3"},
				"east": {"uv": [2, 9, 3, 10], "texture": "#3"},
				"south": {"uv": [2, 9, 3, 10], "texture": "#3"},
				"west": {"uv": [2, 9, 3, 10], "texture": "#3"},
				"up": {"uv": [3, 9, 2, 10], "rotation": 180, "texture": "#3"},
				"down": {"uv": [2, 9, 3, 10], "texture": "#3"}
			}
		},
		{
			"name": "crossbow_standby_67",
			"from": [3, 6, 7.5],
			"to": [4, 7, 8.5],
			"faces": {
				"north": {"uv": [3, 10, 4, 9], "rotation": 180, "texture": "#3"},
				"east": {"uv": [3, 9, 4, 10], "texture": "#3"},
				"south": {"uv": [3, 9, 4, 10], "texture": "#3"},
				"west": {"uv": [3, 9, 4, 10], "texture": "#3"},
				"up": {"uv": [4, 9, 3, 10], "rotation": 180, "texture": "#3"},
				"down": {"uv": [3, 9, 4, 10], "texture": "#3"}
			}
		},
		{
			"name": "crossbow_standby_68",
			"from": [6, 6, 7.5],
			"to": [7, 7, 8.5],
			"faces": {
				"north": {"uv": [6, 10, 7, 9], "rotation": 180, "texture": "#3"},
				"east": {"uv": [6, 9, 7, 10], "texture": "#3"},
				"south": {"uv": [6, 9, 7, 10], "texture": "#3"},
				"west": {"uv": [6, 9, 7, 10], "texture": "#3"},
				"up": {"uv": [7, 9, 6, 10], "rotation": 180, "texture": "#3"},
				"down": {"uv": [6, 9, 7, 10], "texture": "#3"}
			}
		},
		{
			"name": "crossbow_standby_69",
			"from": [7, 6, 7.5],
			"to": [8, 7, 8.5],
			"faces": {
				"north": {"uv": [7, 10, 8, 9], "rotation": 180, "texture": "#3"},
				"east": {"uv": [7, 9, 8, 10], "texture": "#3"},
				"south": {"uv": [7, 9, 8, 10], "texture": "#3"},
				"west": {"uv": [7, 9, 8, 10], "texture": "#3"},
				"up": {"uv": [8, 9, 7, 10], "rotation": 180, "texture": "#3"},
				"down": {"uv": [7, 9, 8, 10], "texture": "#3"}
			}
		},
		{
			"name": "crossbow_standby_70",
			"from": [8, 6, 7.5],
			"to": [9, 7, 8.5],
			"faces": {
				"north": {"uv": [8, 10, 9, 9], "rotation": 180, "texture": "#3"},
				"east": {"uv": [8, 9, 9, 10], "texture": "#3"},
				"south": {"uv": [8, 9, 9, 10], "texture": "#3"},
				"west": {"uv": [8, 9, 9, 10], "texture": "#3"},
				"up": {"uv": [9, 9, 8, 10], "rotation": 180, "texture": "#3"},
				"down": {"uv": [8, 9, 9, 10], "texture": "#3"}
			}
		},
		{
			"name": "crossbow_standby_71",
			"from": [9, 6, 7.5],
			"to": [10, 7, 8.5],
			"faces": {
				"north": {"uv": [9, 10, 10, 9], "rotation": 180, "texture": "#3"},
				"east": {"uv": [9, 9, 10, 10], "texture": "#3"},
				"south": {"uv": [9, 9, 10, 10], "texture": "#3"},
				"west": {"uv": [9, 9, 10, 10], "texture": "#3"},
				"up": {"uv": [10, 9, 9, 10], "rotation": 180, "texture": "#3"},
				"down": {"uv": [9, 9, 10, 10], "texture": "#3"}
			}
		},
		{
			"name": "crossbow_standby_72",
			"from": [10, 6, 7.5],
			"to": [11, 7, 8.5],
			"faces": {
				"north": {"uv": [10, 10, 11, 9], "rotation": 180, "texture": "#3"},
				"east": {"uv": [10, 9, 11, 10], "texture": "#3"},
				"south": {"uv": [10, 9, 11, 10], "texture": "#3"},
				"west": {"uv": [10, 9, 11, 10], "texture": "#3"},
				"up": {"uv": [11, 9, 10, 10], "rotation": 180, "texture": "#3"},
				"down": {"uv": [10, 9, 11, 10], "texture": "#3"}
			}
		},
		{
			"name": "crossbow_standby_73",
			"from": [11, 6, 7.5],
			"to": [12, 7, 8.5],
			"faces": {
				"north": {"uv": [11, 10, 12, 9], "rotation": 180, "texture": "#3"},
				"east": {"uv": [11, 9, 12, 10], "texture": "#3"},
				"south": {"uv": [11, 9, 12, 10], "texture": "#3"},
				"west": {"uv": [11, 9, 12, 10], "texture": "#3"},
				"up": {"uv": [12, 9, 11, 10], "rotation": 180, "texture": "#3"},
				"down": {"uv": [11, 9, 12, 10], "texture": "#3"}
			}
		},
		{
			"name": "crossbow_standby_74",
			"from": [12, 6, 7.5],
			"to": [13, 7, 8.5],
			"faces": {
				"north": {"uv": [12, 10, 13, 9], "rotation": 180, "texture": "#3"},
				"east": {"uv": [12, 9, 13, 10], "texture": "#3"},
				"south": {"uv": [12, 9, 13, 10], "texture": "#3"},
				"west": {"uv": [12, 9, 13, 10], "texture": "#3"},
				"up": {"uv": [13, 9, 12, 10], "rotation": 180, "texture": "#3"},
				"down": {"uv": [12, 9, 13, 10], "texture": "#3"}
			}
		},
		{
			"name": "crossbow_standby_75",
			"from": [1, 5, 7.5],
			"to": [2, 6, 8.5],
			"faces": {
				"north": {"uv": [1, 11, 2, 10], "rotation": 180, "texture": "#3"},
				"east": {"uv": [1, 10, 2, 11], "texture": "#3"},
				"south": {"uv": [1, 10, 2, 11], "texture": "#3"},
				"west": {"uv": [1, 10, 2, 11], "texture": "#3"},
				"up": {"uv": [2, 10, 1, 11], "rotation": 180, "texture": "#3"},
				"down": {"uv": [1, 10, 2, 11], "texture": "#3"}
			}
		},
		{
			"name": "crossbow_standby_76",
			"from": [2, 5, 7.5],
			"to": [3, 6, 8.5],
			"faces": {
				"north": {"uv": [2, 11, 3, 10], "rotation": 180, "texture": "#3"},
				"east": {"uv": [2, 10, 3, 11], "texture": "#3"},
				"south": {"uv": [2, 10, 3, 11], "texture": "#3"},
				"west": {"uv": [2, 10, 3, 11], "texture": "#3"},
				"up": {"uv": [3, 10, 2, 11], "rotation": 180, "texture": "#3"},
				"down": {"uv": [2, 10, 3, 11], "texture": "#3"}
			}
		},
		{
			"name": "crossbow_standby_77",
			"from": [5, 5, 7.5],
			"to": [6, 6, 8.5],
			"faces": {
				"north": {"uv": [5, 11, 6, 10], "rotation": 180, "texture": "#3"},
				"east": {"uv": [5, 10, 6, 11], "texture": "#3"},
				"south": {"uv": [5, 10, 6, 11], "texture": "#3"},
				"west": {"uv": [5, 10, 6, 11], "texture": "#3"},
				"up": {"uv": [6, 10, 5, 11], "rotation": 180, "texture": "#3"},
				"down": {"uv": [5, 10, 6, 11], "texture": "#3"}
			}
		},
		{
			"name": "crossbow_standby_78",
			"from": [7, 5, 7.5],
			"to": [8, 6, 8.5],
			"faces": {
				"north": {"uv": [7, 11, 8, 10], "rotation": 180, "texture": "#3"},
				"east": {"uv": [7, 10, 8, 11], "texture": "#3"},
				"south": {"uv": [7, 10, 8, 11], "texture": "#3"},
				"west": {"uv": [7, 10, 8, 11], "texture": "#3"},
				"up": {"uv": [8, 10, 7, 11], "rotation": 180, "texture": "#3"},
				"down": {"uv": [7, 10, 8, 11], "texture": "#3"}
			}
		},
		{
			"name": "crossbow_standby_79",
			"from": [8, 5, 7.5],
			"to": [9, 6, 8.5],
			"faces": {
				"north": {"uv": [8, 11, 9, 10], "rotation": 180, "texture": "#3"},
				"east": {"uv": [8, 10, 9, 11], "texture": "#3"},
				"south": {"uv": [8, 10, 9, 11], "texture": "#3"},
				"west": {"uv": [8, 10, 9, 11], "texture": "#3"},
				"up": {"uv": [9, 10, 8, 11], "rotation": 180, "texture": "#3"},
				"down": {"uv": [8, 10, 9, 11], "texture": "#3"}
			}
		},
		{
			"name": "crossbow_standby_80",
			"from": [9, 5, 7.5],
			"to": [10, 6, 8.5],
			"faces": {
				"north": {"uv": [9, 11, 10, 10], "rotation": 180, "texture": "#3"},
				"east": {"uv": [9, 10, 10, 11], "texture": "#3"},
				"south": {"uv": [9, 10, 10, 11], "texture": "#3"},
				"west": {"uv": [9, 10, 10, 11], "texture": "#3"},
				"up": {"uv": [10, 10, 9, 11], "rotation": 180, "texture": "#3"},
				"down": {"uv": [9, 10, 10, 11], "texture": "#3"}
			}
		},
		{
			"name": "crossbow_standby_81",
			"from": [10, 5, 7.5],
			"to": [11, 6, 8.5],
			"faces": {
				"north": {"uv": [10, 11, 11, 10], "rotation": 180, "texture": "#3"},
				"east": {"uv": [10, 10, 11, 11], "texture": "#3"},
				"south": {"uv": [10, 10, 11, 11], "texture": "#3"},
				"west": {"uv": [10, 10, 11, 11], "texture": "#3"},
				"up": {"uv": [11, 10, 10, 11], "rotation": 180, "texture": "#3"},
				"down": {"uv": [10, 10, 11, 11], "texture": "#3"}
			}
		},
		{
			"name": "crossbow_standby_82",
			"from": [11, 5, 7.5],
			"to": [12, 6, 8.5],
			"faces": {
				"north": {"uv": [11, 11, 12, 10], "rotation": 180, "texture": "#3"},
				"east": {"uv": [11, 10, 12, 11], "texture": "#3"},
				"south": {"uv": [11, 10, 12, 11], "texture": "#3"},
				"west": {"uv": [11, 10, 12, 11], "texture": "#3"},
				"up": {"uv": [12, 10, 11, 11], "rotation": 180, "texture": "#3"},
				"down": {"uv": [11, 10, 12, 11], "texture": "#3"}
			}
		},
		{
			"name": "crossbow_standby_83",
			"from": [12, 5, 7.5],
			"to": [13, 6, 8.5],
			"faces": {
				"north": {"uv": [12, 11, 13, 10], "rotation": 180, "texture": "#3"},
				"east": {"uv": [12, 10, 13, 11], "texture": "#3"},
				"south": {"uv": [12, 10, 13, 11], "texture": "#3"},
				"west": {"uv": [12, 10, 13, 11], "texture": "#3"},
				"up": {"uv": [13, 10, 12, 11], "rotation": 180, "texture": "#3"},
				"down": {"uv": [12, 10, 13, 11], "texture": "#3"}
			}
		},
		{
			"name": "crossbow_standby_84",
			"from": [1, 4, 7.5],
			"to": [2, 5, 8.5],
			"faces": {
				"north": {"uv": [1, 12, 2, 11], "rotation": 180, "texture": "#3"},
				"east": {"uv": [1, 11, 2, 12], "texture": "#3"},
				"south": {"uv": [1, 11, 2, 12], "texture": "#3"},
				"west": {"uv": [1, 11, 2, 12], "texture": "#3"},
				"up": {"uv": [2, 11, 1, 12], "rotation": 180, "texture": "#3"},
				"down": {"uv": [1, 11, 2, 12], "texture": "#3"}
			}
		},
		{
			"name": "crossbow_standby_85",
			"from": [2, 4, 7.5],
			"to": [3, 5, 8.5],
			"faces": {
				"north": {"uv": [2, 12, 3, 11], "rotation": 180, "texture": "#3"},
				"east": {"uv": [2, 11, 3, 12], "texture": "#3"},
				"south": {"uv": [2, 11, 3, 12], "texture": "#3"},
				"west": {"uv": [2, 11, 3, 12], "texture": "#3"},
				"up": {"uv": [3, 11, 2, 12], "rotation": 180, "texture": "#3"},
				"down": {"uv": [2, 11, 3, 12], "texture": "#3"}
			}
		},
		{
			"name": "crossbow_standby_86",
			"from": [4, 4, 7.5],
			"to": [5, 5, 8.5],
			"faces": {
				"north": {"uv": [4, 12, 5, 11], "rotation": 180, "texture": "#3"},
				"east": {"uv": [4, 11, 5, 12], "texture": "#3"},
				"south": {"uv": [4, 11, 5, 12], "texture": "#3"},
				"west": {"uv": [4, 11, 5, 12], "texture": "#3"},
				"up": {"uv": [5, 11, 4, 12], "rotation": 180, "texture": "#3"},
				"down": {"uv": [4, 11, 5, 12], "texture": "#3"}
			}
		},
		{
			"name": "crossbow_standby_87",
			"from": [8, 4, 7.5],
			"to": [9, 5, 8.5],
			"faces": {
				"north": {"uv": [8, 12, 9, 11], "rotation": 180, "texture": "#3"},
				"east": {"uv": [8, 11, 9, 12], "texture": "#3"},
				"south": {"uv": [8, 11, 9, 12], "texture": "#3"},
				"west": {"uv": [8, 11, 9, 12], "texture": "#3"},
				"up": {"uv": [9, 11, 8, 12], "rotation": 180, "texture": "#3"},
				"down": {"uv": [8, 11, 9, 12], "texture": "#3"}
			}
		},
		{
			"name": "crossbow_standby_88",
			"from": [9, 4, 7.5],
			"to": [10, 5, 8.5],
			"faces": {
				"north": {"uv": [9, 12, 10, 11], "rotation": 180, "texture": "#3"},
				"east": {"uv": [9, 11, 10, 12], "texture": "#3"},
				"south": {"uv": [9, 11, 10, 12], "texture": "#3"},
				"west": {"uv": [9, 11, 10, 12], "texture": "#3"},
				"up": {"uv": [10, 11, 9, 12], "rotation": 180, "texture": "#3"},
				"down": {"uv": [9, 11, 10, 12], "texture": "#3"}
			}
		},
		{
			"name": "crossbow_standby_89",
			"from": [10, 4, 7.5],
			"to": [11, 5, 8.5],
			"faces": {
				"north": {"uv": [10, 12, 11, 11], "rotation": 180, "texture": "#3"},
				"east": {"uv": [10, 11, 11, 12], "texture": "#3"},
				"south": {"uv": [10, 11, 11, 12], "texture": "#3"},
				"west": {"uv": [10, 11, 11, 12], "texture": "#3"},
				"up": {"uv": [11, 11, 10, 12], "rotation": 180, "texture": "#3"},
				"down": {"uv": [10, 11, 11, 12], "texture": "#3"}
			}
		},
		{
			"name": "crossbow_standby_90",
			"from": [11, 4, 7.5],
			"to": [12, 5, 8.5],
			"faces": {
				"north": {"uv": [11, 12, 12, 11], "rotation": 180, "texture": "#3"},
				"east": {"uv": [11, 11, 12, 12], "texture": "#3"},
				"south": {"uv": [11, 11, 12, 12], "texture": "#3"},
				"west": {"uv": [11, 11, 12, 12], "texture": "#3"},
				"up": {"uv": [12, 11, 11, 12], "rotation": 180, "texture": "#3"},
				"down": {"uv": [11, 11, 12, 12], "texture": "#3"}
			}
		},
		{
			"name": "crossbow_standby_91",
			"from": [12, 4, 7.5],
			"to": [13, 5, 8.5],
			"faces": {
				"north": {"uv": [12, 12, 13, 11], "rotation": 180, "texture": "#3"},
				"east": {"uv": [12, 11, 13, 12], "texture": "#3"},
				"south": {"uv": [12, 11, 13, 12], "texture": "#3"},
				"west": {"uv": [12, 11, 13, 12], "texture": "#3"},
				"up": {"uv": [13, 11, 12, 12], "rotation": 180, "texture": "#3"},
				"down": {"uv": [12, 11, 13, 12], "texture": "#3"}
			}
		},
		{
			"name": "crossbow_standby_92",
			"from": [13, 4, 7.5],
			"to": [14, 5, 8.5],
			"faces": {
				"north": {"uv": [13, 12, 14, 11], "rotation": 180, "texture": "#3"},
				"east": {"uv": [13, 11, 14, 12], "texture": "#3"},
				"south": {"uv": [13, 11, 14, 12], "texture": "#3"},
				"west": {"uv": [13, 11, 14, 12], "texture": "#3"},
				"up": {"uv": [14, 11, 13, 12], "rotation": 180, "texture": "#3"},
				"down": {"uv": [13, 11, 14, 12], "texture": "#3"}
			}
		},
		{
			"name": "crossbow_standby_93",
			"from": [0, 3, 7.5],
			"to": [1, 4, 8.5],
			"faces": {
				"north": {"uv": [0, 13, 1, 12], "rotation": 180, "texture": "#3"},
				"east": {"uv": [0, 12, 1, 13], "texture": "#3"},
				"south": {"uv": [0, 12, 1, 13], "texture": "#3"},
				"west": {"uv": [0, 12, 1, 13], "texture": "#3"},
				"up": {"uv": [1, 12, 0, 13], "rotation": 180, "texture": "#3"},
				"down": {"uv": [0, 12, 1, 13], "texture": "#3"}
			}
		},
		{
			"name": "crossbow_standby_94",
			"from": [1, 3, 7.5],
			"to": [2, 4, 8.5],
			"faces": {
				"north": {"uv": [1, 13, 2, 12], "rotation": 180, "texture": "#3"},
				"east": {"uv": [1, 12, 2, 13], "texture": "#3"},
				"south": {"uv": [1, 12, 2, 13], "texture": "#3"},
				"west": {"uv": [1, 12, 2, 13], "texture": "#3"},
				"up": {"uv": [2, 12, 1, 13], "rotation": 180, "texture": "#3"},
				"down": {"uv": [1, 12, 2, 13], "texture": "#3"}
			}
		},
		{
			"name": "crossbow_standby_95",
			"from": [2, 3, 7.5],
			"to": [3, 4, 8.5],
			"faces": {
				"north": {"uv": [2, 13, 3, 12], "rotation": 180, "texture": "#3"},
				"east": {"uv": [2, 12, 3, 13], "texture": "#3"},
				"south": {"uv": [2, 12, 3, 13], "texture": "#3"},
				"west": {"uv": [2, 12, 3, 13], "texture": "#3"},
				"up": {"uv": [3, 12, 2, 13], "rotation": 180, "texture": "#3"},
				"down": {"uv": [2, 12, 3, 13], "texture": "#3"}
			}
		},
		{
			"name": "crossbow_standby_96",
			"from": [3, 3, 7.5],
			"to": [4, 4, 8.5],
			"faces": {
				"north": {"uv": [3, 13, 4, 12], "rotation": 180, "texture": "#3"},
				"east": {"uv": [3, 12, 4, 13], "texture": "#3"},
				"south": {"uv": [3, 12, 4, 13], "texture": "#3"},
				"west": {"uv": [3, 12, 4, 13], "texture": "#3"},
				"up": {"uv": [4, 12, 3, 13], "rotation": 180, "texture": "#3"},
				"down": {"uv": [3, 12, 4, 13], "texture": "#3"}
			}
		},
		{
			"name": "crossbow_standby_97",
			"from": [9, 3, 7.5],
			"to": [10, 4, 8.5],
			"faces": {
				"north": {"uv": [9, 13, 10, 12], "rotation": 180, "texture": "#3"},
				"east": {"uv": [9, 12, 10, 13], "texture": "#3"},
				"south": {"uv": [9, 12, 10, 13], "texture": "#3"},
				"west": {"uv": [9, 12, 10, 13], "texture": "#3"},
				"up": {"uv": [10, 12, 9, 13], "rotation": 180, "texture": "#3"},
				"down": {"uv": [9, 12, 10, 13], "texture": "#3"}
			}
		},
		{
			"name": "crossbow_standby_98",
			"from": [10, 3, 7.5],
			"to": [11, 4, 8.5],
			"faces": {
				"north": {"uv": [10, 13, 11, 12], "rotation": 180, "texture": "#3"},
				"east": {"uv": [10, 12, 11, 13], "texture": "#3"},
				"south": {"uv": [10, 12, 11, 13], "texture": "#3"},
				"west": {"uv": [10, 12, 11, 13], "texture": "#3"},
				"up": {"uv": [11, 12, 10, 13], "rotation": 180, "texture": "#3"},
				"down": {"uv": [10, 12, 11, 13], "texture": "#3"}
			}
		},
		{
			"name": "crossbow_standby_99",
			"from": [11, 3, 7.5],
			"to": [12, 4, 8.5],
			"faces": {
				"north": {"uv": [11, 13, 12, 12], "rotation": 180, "texture": "#3"},
				"east": {"uv": [11, 12, 12, 13], "texture": "#3"},
				"south": {"uv": [11, 12, 12, 13], "texture": "#3"},
				"west": {"uv": [11, 12, 12, 13], "texture": "#3"},
				"up": {"uv": [12, 12, 11, 13], "rotation": 180, "texture": "#3"},
				"down": {"uv": [11, 12, 12, 13], "texture": "#3"}
			}
		},
		{
			"name": "crossbow_standby_100",
			"from": [12, 3, 7.5],
			"to": [13, 4, 8.5],
			"faces": {
				"north": {"uv": [12, 13, 13, 12], "rotation": 180, "texture": "#3"},
				"east": {"uv": [12, 12, 13, 13], "texture": "#3"},
				"south": {"uv": [12, 12, 13, 13], "texture": "#3"},
				"west": {"uv": [12, 12, 13, 13], "texture": "#3"},
				"up": {"uv": [13, 12, 12, 13], "rotation": 180, "texture": "#3"},
				"down": {"uv": [12, 12, 13, 13], "texture": "#3"}
			}
		},
		{
			"name": "crossbow_standby_101",
			"from": [13, 3, 7.5],
			"to": [14, 4, 8.5],
			"faces": {
				"north": {"uv": [13, 13, 14, 12], "rotation": 180, "texture": "#3"},
				"east": {"uv": [13, 12, 14, 13], "texture": "#3"},
				"south": {"uv": [13, 12, 14, 13], "texture": "#3"},
				"west": {"uv": [13, 12, 14, 13], "texture": "#3"},
				"up": {"uv": [14, 12, 13, 13], "rotation": 180, "texture": "#3"},
				"down": {"uv": [13, 12, 14, 13], "texture": "#3"}
			}
		},
		{
			"name": "crossbow_standby_102",
			"from": [14, 3, 7.5],
			"to": [15, 4, 8.5],
			"faces": {
				"north": {"uv": [14, 13, 15, 12], "rotation": 180, "texture": "#3"},
				"east": {"uv": [14, 12, 15, 13], "texture": "#3"},
				"south": {"uv": [14, 12, 15, 13], "texture": "#3"},
				"west": {"uv": [14, 12, 15, 13], "texture": "#3"},
				"up": {"uv": [15, 12, 14, 13], "rotation": 180, "texture": "#3"},
				"down": {"uv": [14, 12, 15, 13], "texture": "#3"}
			}
		},
		{
			"name": "crossbow_standby_103",
			"from": [1, 2, 7.5],
			"to": [2, 3, 8.5],
			"faces": {
				"north": {"uv": [1, 14, 2, 13], "rotation": 180, "texture": "#3"},
				"east": {"uv": [1, 13, 2, 14], "texture": "#3"},
				"south": {"uv": [1, 13, 2, 14], "texture": "#3"},
				"west": {"uv": [1, 13, 2, 14], "texture": "#3"},
				"up": {"uv": [2, 13, 1, 14], "rotation": 180, "texture": "#3"},
				"down": {"uv": [1, 13, 2, 14], "texture": "#3"}
			}
		},
		{
			"name": "crossbow_standby_104",
			"from": [2, 2, 7.5],
			"to": [3, 3, 8.5],
			"faces": {
				"north": {"uv": [2, 14, 3, 13], "rotation": 180, "texture": "#3"},
				"east": {"uv": [2, 13, 3, 14], "texture": "#3"},
				"south": {"uv": [2, 13, 3, 14], "texture": "#3"},
				"west": {"uv": [2, 13, 3, 14], "texture": "#3"},
				"up": {"uv": [3, 13, 2, 14], "rotation": 180, "texture": "#3"},
				"down": {"uv": [2, 13, 3, 14], "texture": "#3"}
			}
		},
		{
			"name": "crossbow_standby_105",
			"from": [11, 2, 7.5],
			"to": [12, 3, 8.5],
			"faces": {
				"north": {"uv": [11, 14, 12, 13], "rotation": 180, "texture": "#3"},
				"east": {"uv": [11, 13, 12, 14], "texture": "#3"},
				"south": {"uv": [11, 13, 12, 14], "texture": "#3"},
				"west": {"uv": [11, 13, 12, 14], "texture": "#3"},
				"up": {"uv": [12, 13, 11, 14], "rotation": 180, "texture": "#3"},
				"down": {"uv": [11, 13, 12, 14], "texture": "#3"}
			}
		},
		{
			"name": "crossbow_standby_106",
			"from": [12, 2, 7.5],
			"to": [13, 3, 8.5],
			"faces": {
				"north": {"uv": [12, 14, 13, 13], "rotation": 180, "texture": "#3"},
				"east": {"uv": [12, 13, 13, 14], "texture": "#3"},
				"south": {"uv": [12, 13, 13, 14], "texture": "#3"},
				"west": {"uv": [12, 13, 13, 14], "texture": "#3"},
				"up": {"uv": [13, 13, 12, 14], "rotation": 180, "texture": "#3"},
				"down": {"uv": [12, 13, 13, 14], "texture": "#3"}
			}
		},
		{
			"name": "crossbow_standby_107",
			"from": [13, 2, 7.5],
			"to": [14, 3, 8.5],
			"faces": {
				"north": {"uv": [13, 14, 14, 13], "rotation": 180, "texture": "#3"},
				"east": {"uv": [13, 13, 14, 14], "texture": "#3"},
				"south": {"uv": [13, 13, 14, 14], "texture": "#3"},
				"west": {"uv": [13, 13, 14, 14], "texture": "#3"},
				"up": {"uv": [14, 13, 13, 14], "rotation": 180, "texture": "#3"},
				"down": {"uv": [13, 13, 14, 14], "texture": "#3"}
			}
		},
		{
			"name": "crossbow_standby_108",
			"from": [14, 2, 7.5],
			"to": [15, 3, 8.5],
			"faces": {
				"north": {"uv": [14, 14, 15, 13], "rotation": 180, "texture": "#3"},
				"east": {"uv": [14, 13, 15, 14], "texture": "#3"},
				"south": {"uv": [14, 13, 15, 14], "texture": "#3"},
				"west": {"uv": [14, 13, 15, 14], "texture": "#3"},
				"up": {"uv": [15, 13, 14, 14], "rotation": 180, "texture": "#3"},
				"down": {"uv": [14, 13, 15, 14], "texture": "#3"}
			}
		},
		{
			"name": "crossbow_standby_109",
			"from": [15, 2, 7.5],
			"to": [16, 3, 8.5],
			"faces": {
				"north": {"uv": [15, 14, 16, 13], "rotation": 180, "texture": "#3"},
				"east": {"uv": [15, 13, 16, 14], "texture": "#3"},
				"south": {"uv": [15, 13, 16, 14], "texture": "#3"},
				"west": {"uv": [15, 13, 16, 14], "texture": "#3"},
				"up": {"uv": [16, 13, 15, 14], "rotation": 180, "texture": "#3"},
				"down": {"uv": [15, 13, 16, 14], "texture": "#3"}
			}
		},
		{
			"name": "crossbow_standby_110",
			"from": [12, 1, 7.5],
			"to": [13, 2, 8.5],
			"faces": {
				"north": {"uv": [12, 15, 13, 14], "rotation": 180, "texture": "#3"},
				"east": {"uv": [12, 14, 13, 15], "texture": "#3"},
				"south": {"uv": [12, 14, 13, 15], "texture": "#3"},
				"west": {"uv": [12, 14, 13, 15], "texture": "#3"},
				"up": {"uv": [13, 14, 12, 15], "rotation": 180, "texture": "#3"},
				"down": {"uv": [12, 14, 13, 15], "texture": "#3"}
			}
		},
		{
			"name": "crossbow_standby_111",
			"from": [13, 1, 7.5],
			"to": [14, 2, 8.5],
			"faces": {
				"north": {"uv": [13, 15, 14, 14], "rotation": 180, "texture": "#3"},
				"east": {"uv": [13, 14, 14, 15], "texture": "#3"},
				"south": {"uv": [13, 14, 14, 15], "texture": "#3"},
				"west": {"uv": [13, 14, 14, 15], "texture": "#3"},
				"up": {"uv": [14, 14, 13, 15], "rotation": 180, "texture": "#3"},
				"down": {"uv": [13, 14, 14, 15], "texture": "#3"}
			}
		},
		{
			"name": "crossbow_standby_112",
			"from": [14, 1, 7.5],
			"to": [15, 2, 8.5],
			"faces": {
				"north": {"uv": [14, 15, 15, 14], "rotation": 180, "texture": "#3"},
				"east": {"uv": [14, 14, 15, 15], "texture": "#3"},
				"south": {"uv": [14, 14, 15, 15], "texture": "#3"},
				"west": {"uv": [14, 14, 15, 15], "texture": "#3"},
				"up": {"uv": [15, 14, 14, 15], "rotation": 180, "texture": "#3"},
				"down": {"uv": [14, 14, 15, 15], "texture": "#3"}
			}
		},
		{
			"name": "crossbow_standby_113",
			"from": [15, 1, 7.5],
			"to": [16, 2, 8.5],
			"faces": {
				"north": {"uv": [15, 15, 16, 14], "rotation": 180, "texture": "#3"},
				"east": {"uv": [15, 14, 16, 15], "texture": "#3"},
				"south": {"uv": [15, 14, 16, 15], "texture": "#3"},
				"west": {"uv": [15, 14, 16, 15], "texture": "#3"},
				"up": {"uv": [16, 14, 15, 15], "rotation": 180, "texture": "#3"},
				"down": {"uv": [15, 14, 16, 15], "texture": "#3"}
			}
		},
		{
			"name": "crossbow_standby_114",
			"from": [13, 0, 7.5],
			"to": [14, 1, 8.5],
			"faces": {
				"north": {"uv": [13, 16, 14, 15], "rotation": 180, "texture": "#3"},
				"east": {"uv": [13, 15, 14, 16], "texture": "#3"},
				"south": {"uv": [13, 15, 14, 16], "texture": "#3"},
				"west": {"uv": [13, 15, 14, 16], "texture": "#3"},
				"up": {"uv": [14, 15, 13, 16], "rotation": 180, "texture": "#3"},
				"down": {"uv": [13, 15, 14, 16], "texture": "#3"}
			}
		},
		{
			"name": "crossbow_standby_115",
			"from": [14, 0, 7.5],
			"to": [15, 1, 8.5],
			"faces": {
				"north": {"uv": [14, 16, 15, 15], "rotation": 180, "texture": "#3"},
				"east": {"uv": [14, 15, 15, 16], "texture": "#3"},
				"south": {"uv": [14, 15, 15, 16], "texture": "#3"},
				"west": {"uv": [14, 15, 15, 16], "texture": "#3"},
				"up": {"uv": [15, 15, 14, 16], "rotation": 180, "texture": "#3"},
				"down": {"uv": [14, 15, 15, 16], "texture": "#3"}
			}
		}
	],
	"gui_light": "front",
	"display": {
		"thirdperson_righthand": {
			"rotation": [-90, 0, -60],
			"translation": [2, 0.1, -3],
			"scale": [0.9, 0.9, 0.9]
		},
		"thirdperson_lefthand": {
			"rotation": [-90, 0, 30],
			"translation": [2, 0.1, -3],
			"scale": [0.9, 0.9, 0.9]
		},
		"firstperson_righthand": {
			"rotation": [-90, 0, -55],
			"translation": [1.13, 3.2, 1.13],
			"scale": [0.68, 0.68, 0.68]
		},
		"firstperson_lefthand": {
			"rotation": [-90, 0, 35],
			"translation": [1.13, 3.2, 1.13],
			"scale": [0.68, 0.68, 0.68]
		},
		"ground": {
			"translation": [0, 2, 0],
			"scale": [0.5, 0.5, 0.5]
		},
		"fixed": {
			"rotation": [0, 0, 270],
			"scale": [1.02, 1.02, 1.02]
		}
	},
    "overrides": [
        {
            "predicate": {
                "pulling": 1
            },
            "model": "item/crossbow_pulling_0"
        },
        {
            "predicate": {
                "pulling": 1,
                "pull": 0.58
            },
            "model": "item/crossbow_pulling_1"
        },
        {
            "predicate": {
                "pulling": 1,
                "pull": 1.0
            },
            "model": "item/crossbow_pulling_2"
        },
        {
            "predicate": {
                "charged": 1
            },
            "model": "item/crossbow_arrow"
        },
        {
            "predicate": {
                "charged": 1,
                "firework": 1
            },
            "model": "item/crossbow_firework"
        }
    ]
}
