{
	"credit": "Made with Blockbench",
	"gui_light": "front",
	"textures": {
		"6": "item/firework_rocket",
		"particle": "item/firework_rocket"
	},
	"elements": [
		{
			"name": "firework_rocket_0",
			"from": [8, 13, 7.5],
			"to": [9, 14, 8.5],
			"faces": {
				"north": {"uv": [8, 3, 9, 2], "rotation": 180, "texture": "#6"},
				"east": {"uv": [8, 2, 9, 3], "texture": "#6"},
				"south": {"uv": [8, 2, 9, 3], "texture": "#6"},
				"west": {"uv": [8, 2, 9, 3], "texture": "#6"},
				"up": {"uv": [9, 2, 8, 3], "rotation": 180, "texture": "#6"},
				"down": {"uv": [8, 2, 9, 3], "texture": "#6"}
			}
		},
		{
			"name": "firework_rocket_1",
			"from": [7, 12, 7.5],
			"to": [8, 13, 8.5],
			"faces": {
				"north": {"uv": [7, 4, 8, 3], "rotation": 180, "texture": "#6"},
				"east": {"uv": [7, 3, 8, 4], "texture": "#6"},
				"south": {"uv": [7, 3, 8, 4], "texture": "#6"},
				"west": {"uv": [7, 3, 8, 4], "texture": "#6"},
				"up": {"uv": [8, 3, 7, 4], "rotation": 180, "texture": "#6"},
				"down": {"uv": [7, 3, 8, 4], "texture": "#6"}
			}
		},
		{
			"name": "firework_rocket_2",
			"from": [8, 12, 7.5],
			"to": [9, 13, 8.5],
			"faces": {
				"north": {"uv": [8, 4, 9, 3], "rotation": 180, "texture": "#6"},
				"east": {"uv": [8, 3, 9, 4], "texture": "#6"},
				"south": {"uv": [8, 3, 9, 4], "texture": "#6"},
				"west": {"uv": [8, 3, 9, 4], "texture": "#6"},
				"up": {"uv": [9, 3, 8, 4], "rotation": 180, "texture": "#6"},
				"down": {"uv": [8, 3, 9, 4], "texture": "#6"}
			}
		},
		{
			"name": "firework_rocket_3",
			"from": [9, 12, 7.5],
			"to": [10, 13, 8.5],
			"faces": {
				"north": {"uv": [9, 4, 10, 3], "rotation": 180, "texture": "#6"},
				"east": {"uv": [9, 3, 10, 4], "texture": "#6"},
				"south": {"uv": [9, 3, 10, 4], "texture": "#6"},
				"west": {"uv": [9, 3, 10, 4], "texture": "#6"},
				"up": {"uv": [10, 3, 9, 4], "rotation": 180, "texture": "#6"},
				"down": {"uv": [9, 3, 10, 4], "texture": "#6"}
			}
		},
		{
			"name": "firework_rocket_4",
			"from": [6, 11, 7.5],
			"to": [7, 12, 8.5],
			"faces": {
				"north": {"uv": [6, 5, 7, 4], "rotation": 180, "texture": "#6"},
				"east": {"uv": [6, 4, 7, 5], "texture": "#6"},
				"south": {"uv": [6, 4, 7, 5], "texture": "#6"},
				"west": {"uv": [6, 4, 7, 5], "texture": "#6"},
				"up": {"uv": [7, 4, 6, 5], "rotation": 180, "texture": "#6"},
				"down": {"uv": [6, 4, 7, 5], "texture": "#6"}
			}
		},
		{
			"name": "firework_rocket_5",
			"from": [7, 11, 7.5],
			"to": [8, 12, 8.5],
			"faces": {
				"north": {"uv": [7, 5, 8, 4], "rotation": 180, "texture": "#6"},
				"east": {"uv": [7, 4, 8, 5], "texture": "#6"},
				"south": {"uv": [7, 4, 8, 5], "texture": "#6"},
				"west": {"uv": [7, 4, 8, 5], "texture": "#6"},
				"up": {"uv": [8, 4, 7, 5], "rotation": 180, "texture": "#6"},
				"down": {"uv": [7, 4, 8, 5], "texture": "#6"}
			}
		},
		{
			"name": "firework_rocket_6",
			"from": [8, 11, 7.5],
			"to": [9, 12, 8.5],
			"faces": {
				"north": {"uv": [8, 5, 9, 4], "rotation": 180, "texture": "#6"},
				"east": {"uv": [8, 4, 9, 5], "texture": "#6"},
				"south": {"uv": [8, 4, 9, 5], "texture": "#6"},
				"west": {"uv": [8, 4, 9, 5], "texture": "#6"},
				"up": {"uv": [9, 4, 8, 5], "rotation": 180, "texture": "#6"},
				"down": {"uv": [8, 4, 9, 5], "texture": "#6"}
			}
		},
		{
			"name": "firework_rocket_7",
			"from": [9, 11, 7.5],
			"to": [10, 12, 8.5],
			"faces": {
				"north": {"uv": [9, 5, 10, 4], "rotation": 180, "texture": "#6"},
				"east": {"uv": [9, 4, 10, 5], "texture": "#6"},
				"south": {"uv": [9, 4, 10, 5], "texture": "#6"},
				"west": {"uv": [9, 4, 10, 5], "texture": "#6"},
				"up": {"uv": [10, 4, 9, 5], "rotation": 180, "texture": "#6"},
				"down": {"uv": [9, 4, 10, 5], "texture": "#6"}
			}
		},
		{
			"name": "firework_rocket_8",
			"from": [10, 11, 7.5],
			"to": [11, 12, 8.5],
			"faces": {
				"north": {"uv": [10, 5, 11, 4], "rotation": 180, "texture": "#6"},
				"east": {"uv": [10, 4, 11, 5], "texture": "#6"},
				"south": {"uv": [10, 4, 11, 5], "texture": "#6"},
				"west": {"uv": [10, 4, 11, 5], "texture": "#6"},
				"up": {"uv": [11, 4, 10, 5], "rotation": 180, "texture": "#6"},
				"down": {"uv": [10, 4, 11, 5], "texture": "#6"}
			}
		},
		{
			"name": "firework_rocket_9",
			"from": [6, 10, 7.5],
			"to": [7, 11, 8.5],
			"faces": {
				"north": {"uv": [6, 6, 7, 5], "rotation": 180, "texture": "#6"},
				"east": {"uv": [6, 5, 7, 6], "texture": "#6"},
				"south": {"uv": [6, 5, 7, 6], "texture": "#6"},
				"west": {"uv": [6, 5, 7, 6], "texture": "#6"},
				"up": {"uv": [7, 5, 6, 6], "rotation": 180, "texture": "#6"},
				"down": {"uv": [6, 5, 7, 6], "texture": "#6"}
			}
		},
		{
			"name": "firework_rocket_10",
			"from": [7, 10, 7.5],
			"to": [8, 11, 8.5],
			"faces": {
				"north": {"uv": [7, 6, 8, 5], "rotation": 180, "texture": "#6"},
				"east": {"uv": [7, 5, 8, 6], "texture": "#6"},
				"south": {"uv": [7, 5, 8, 6], "texture": "#6"},
				"west": {"uv": [7, 5, 8, 6], "texture": "#6"},
				"up": {"uv": [8, 5, 7, 6], "rotation": 180, "texture": "#6"},
				"down": {"uv": [7, 5, 8, 6], "texture": "#6"}
			}
		},
		{
			"name": "firework_rocket_11",
			"from": [8, 10, 7.5],
			"to": [9, 11, 8.5],
			"faces": {
				"north": {"uv": [8, 6, 9, 5], "rotation": 180, "texture": "#6"},
				"east": {"uv": [8, 5, 9, 6], "texture": "#6"},
				"south": {"uv": [8, 5, 9, 6], "texture": "#6"},
				"west": {"uv": [8, 5, 9, 6], "texture": "#6"},
				"up": {"uv": [9, 5, 8, 6], "rotation": 180, "texture": "#6"},
				"down": {"uv": [8, 5, 9, 6], "texture": "#6"}
			}
		},
		{
			"name": "firework_rocket_12",
			"from": [9, 10, 7.5],
			"to": [10, 11, 8.5],
			"faces": {
				"north": {"uv": [9, 6, 10, 5], "rotation": 180, "texture": "#6"},
				"east": {"uv": [9, 5, 10, 6], "texture": "#6"},
				"south": {"uv": [9, 5, 10, 6], "texture": "#6"},
				"west": {"uv": [9, 5, 10, 6], "texture": "#6"},
				"up": {"uv": [10, 5, 9, 6], "rotation": 180, "texture": "#6"},
				"down": {"uv": [9, 5, 10, 6], "texture": "#6"}
			}
		},
		{
			"name": "firework_rocket_13",
			"from": [10, 10, 7.5],
			"to": [11, 11, 8.5],
			"faces": {
				"north": {"uv": [10, 6, 11, 5], "rotation": 180, "texture": "#6"},
				"east": {"uv": [10, 5, 11, 6], "texture": "#6"},
				"south": {"uv": [10, 5, 11, 6], "texture": "#6"},
				"west": {"uv": [10, 5, 11, 6], "texture": "#6"},
				"up": {"uv": [11, 5, 10, 6], "rotation": 180, "texture": "#6"},
				"down": {"uv": [10, 5, 11, 6], "texture": "#6"}
			}
		},
		{
			"name": "firework_rocket_14",
			"from": [7, 9, 7.5],
			"to": [8, 10, 8.5],
			"faces": {
				"north": {"uv": [7, 7, 8, 6], "rotation": 180, "texture": "#6"},
				"east": {"uv": [7, 6, 8, 7], "texture": "#6"},
				"south": {"uv": [7, 6, 8, 7], "texture": "#6"},
				"west": {"uv": [7, 6, 8, 7], "texture": "#6"},
				"up": {"uv": [8, 6, 7, 7], "rotation": 180, "texture": "#6"},
				"down": {"uv": [7, 6, 8, 7], "texture": "#6"}
			}
		},
		{
			"name": "firework_rocket_15",
			"from": [8, 9, 7.5],
			"to": [9, 10, 8.5],
			"faces": {
				"north": {"uv": [8, 7, 9, 6], "rotation": 180, "texture": "#6"},
				"east": {"uv": [8, 6, 9, 7], "texture": "#6"},
				"south": {"uv": [8, 6, 9, 7], "texture": "#6"},
				"west": {"uv": [8, 6, 9, 7], "texture": "#6"},
				"up": {"uv": [9, 6, 8, 7], "rotation": 180, "texture": "#6"},
				"down": {"uv": [8, 6, 9, 7], "texture": "#6"}
			}
		},
		{
			"name": "firework_rocket_16",
			"from": [9, 9, 7.5],
			"to": [10, 10, 8.5],
			"faces": {
				"north": {"uv": [9, 7, 10, 6], "rotation": 180, "texture": "#6"},
				"east": {"uv": [9, 6, 10, 7], "texture": "#6"},
				"south": {"uv": [9, 6, 10, 7], "texture": "#6"},
				"west": {"uv": [9, 6, 10, 7], "texture": "#6"},
				"up": {"uv": [10, 6, 9, 7], "rotation": 180, "texture": "#6"},
				"down": {"uv": [9, 6, 10, 7], "texture": "#6"}
			}
		},
		{
			"name": "firework_rocket_17",
			"from": [7, 8, 7.5],
			"to": [8, 9, 8.5],
			"faces": {
				"north": {"uv": [7, 8, 8, 7], "rotation": 180, "texture": "#6"},
				"east": {"uv": [7, 7, 8, 8], "texture": "#6"},
				"south": {"uv": [7, 7, 8, 8], "texture": "#6"},
				"west": {"uv": [7, 7, 8, 8], "texture": "#6"},
				"up": {"uv": [8, 7, 7, 8], "rotation": 180, "texture": "#6"},
				"down": {"uv": [7, 7, 8, 8], "texture": "#6"}
			}
		},
		{
			"name": "firework_rocket_18",
			"from": [8, 8, 7.5],
			"to": [9, 9, 8.5],
			"faces": {
				"north": {"uv": [8, 8, 9, 7], "rotation": 180, "texture": "#6"},
				"east": {"uv": [8, 7, 9, 8], "texture": "#6"},
				"south": {"uv": [8, 7, 9, 8], "texture": "#6"},
				"west": {"uv": [8, 7, 9, 8], "texture": "#6"},
				"up": {"uv": [9, 7, 8, 8], "rotation": 180, "texture": "#6"},
				"down": {"uv": [8, 7, 9, 8], "texture": "#6"}
			}
		},
		{
			"name": "firework_rocket_19",
			"from": [9, 8, 7.5],
			"to": [10, 9, 8.5],
			"faces": {
				"north": {"uv": [9, 8, 10, 7], "rotation": 180, "texture": "#6"},
				"east": {"uv": [9, 7, 10, 8], "texture": "#6"},
				"south": {"uv": [9, 7, 10, 8], "texture": "#6"},
				"west": {"uv": [9, 7, 10, 8], "texture": "#6"},
				"up": {"uv": [10, 7, 9, 8], "rotation": 180, "texture": "#6"},
				"down": {"uv": [9, 7, 10, 8], "texture": "#6"}
			}
		},
		{
			"name": "firework_rocket_20",
			"from": [7, 7, 7.5],
			"to": [8, 8, 8.5],
			"faces": {
				"north": {"uv": [7, 9, 8, 8], "rotation": 180, "texture": "#6"},
				"east": {"uv": [7, 8, 8, 9], "texture": "#6"},
				"south": {"uv": [7, 8, 8, 9], "texture": "#6"},
				"west": {"uv": [7, 8, 8, 9], "texture": "#6"},
				"up": {"uv": [8, 8, 7, 9], "rotation": 180, "texture": "#6"},
				"down": {"uv": [7, 8, 8, 9], "texture": "#6"}
			}
		},
		{
			"name": "firework_rocket_21",
			"from": [8, 7, 7.5],
			"to": [9, 8, 8.5],
			"faces": {
				"north": {"uv": [8, 9, 9, 8], "rotation": 180, "texture": "#6"},
				"east": {"uv": [8, 8, 9, 9], "texture": "#6"},
				"south": {"uv": [8, 8, 9, 9], "texture": "#6"},
				"west": {"uv": [8, 8, 9, 9], "texture": "#6"},
				"up": {"uv": [9, 8, 8, 9], "rotation": 180, "texture": "#6"},
				"down": {"uv": [8, 8, 9, 9], "texture": "#6"}
			}
		},
		{
			"name": "firework_rocket_22",
			"from": [9, 7, 7.5],
			"to": [10, 8, 8.5],
			"faces": {
				"north": {"uv": [9, 9, 10, 8], "rotation": 180, "texture": "#6"},
				"east": {"uv": [9, 8, 10, 9], "texture": "#6"},
				"south": {"uv": [9, 8, 10, 9], "texture": "#6"},
				"west": {"uv": [9, 8, 10, 9], "texture": "#6"},
				"up": {"uv": [10, 8, 9, 9], "rotation": 180, "texture": "#6"},
				"down": {"uv": [9, 8, 10, 9], "texture": "#6"}
			}
		},
		{
			"name": "firework_rocket_23",
			"from": [7, 6, 7.5],
			"to": [8, 7, 8.5],
			"faces": {
				"north": {"uv": [7, 10, 8, 9], "rotation": 180, "texture": "#6"},
				"east": {"uv": [7, 9, 8, 10], "texture": "#6"},
				"south": {"uv": [7, 9, 8, 10], "texture": "#6"},
				"west": {"uv": [7, 9, 8, 10], "texture": "#6"},
				"up": {"uv": [8, 9, 7, 10], "rotation": 180, "texture": "#6"},
				"down": {"uv": [7, 9, 8, 10], "texture": "#6"}
			}
		},
		{
			"name": "firework_rocket_24",
			"from": [8, 6, 7.5],
			"to": [9, 7, 8.5],
			"faces": {
				"north": {"uv": [8, 10, 9, 9], "rotation": 180, "texture": "#6"},
				"east": {"uv": [8, 9, 9, 10], "texture": "#6"},
				"south": {"uv": [8, 9, 9, 10], "texture": "#6"},
				"west": {"uv": [8, 9, 9, 10], "texture": "#6"},
				"up": {"uv": [9, 9, 8, 10], "rotation": 180, "texture": "#6"},
				"down": {"uv": [8, 9, 9, 10], "texture": "#6"}
			}
		},
		{
			"name": "firework_rocket_25",
			"from": [9, 6, 7.5],
			"to": [10, 7, 8.5],
			"faces": {
				"north": {"uv": [9, 10, 10, 9], "rotation": 180, "texture": "#6"},
				"east": {"uv": [9, 9, 10, 10], "texture": "#6"},
				"south": {"uv": [9, 9, 10, 10], "texture": "#6"},
				"west": {"uv": [9, 9, 10, 10], "texture": "#6"},
				"up": {"uv": [10, 9, 9, 10], "rotation": 180, "texture": "#6"},
				"down": {"uv": [9, 9, 10, 10], "texture": "#6"}
			}
		},
		{
			"name": "firework_rocket_26",
			"from": [7, 5, 7.5],
			"to": [8, 6, 8.5],
			"faces": {
				"north": {"uv": [7, 11, 8, 10], "rotation": 180, "texture": "#6"},
				"east": {"uv": [7, 10, 8, 11], "texture": "#6"},
				"south": {"uv": [7, 10, 8, 11], "texture": "#6"},
				"west": {"uv": [7, 10, 8, 11], "texture": "#6"},
				"up": {"uv": [8, 10, 7, 11], "rotation": 180, "texture": "#6"},
				"down": {"uv": [7, 10, 8, 11], "texture": "#6"}
			}
		},
		{
			"name": "firework_rocket_27",
			"from": [8, 5, 7.5],
			"to": [9, 6, 8.5],
			"faces": {
				"north": {"uv": [8, 11, 9, 10], "rotation": 180, "texture": "#6"},
				"east": {"uv": [8, 10, 9, 11], "texture": "#6"},
				"south": {"uv": [8, 10, 9, 11], "texture": "#6"},
				"west": {"uv": [8, 10, 9, 11], "texture": "#6"},
				"up": {"uv": [9, 10, 8, 11], "rotation": 180, "texture": "#6"},
				"down": {"uv": [8, 10, 9, 11], "texture": "#6"}
			}
		},
		{
			"name": "firework_rocket_28",
			"from": [9, 5, 7.5],
			"to": [10, 6, 8.5],
			"faces": {
				"north": {"uv": [9, 11, 10, 10], "rotation": 180, "texture": "#6"},
				"east": {"uv": [9, 10, 10, 11], "texture": "#6"},
				"south": {"uv": [9, 10, 10, 11], "texture": "#6"},
				"west": {"uv": [9, 10, 10, 11], "texture": "#6"},
				"up": {"uv": [10, 10, 9, 11], "rotation": 180, "texture": "#6"},
				"down": {"uv": [9, 10, 10, 11], "texture": "#6"}
			}
		},
		{
			"name": "firework_rocket_29",
			"from": [7, 4, 7.5],
			"to": [8, 5, 8.5],
			"faces": {
				"north": {"uv": [7, 12, 8, 11], "rotation": 180, "texture": "#6"},
				"east": {"uv": [7, 11, 8, 12], "texture": "#6"},
				"south": {"uv": [7, 11, 8, 12], "texture": "#6"},
				"west": {"uv": [7, 11, 8, 12], "texture": "#6"},
				"up": {"uv": [8, 11, 7, 12], "rotation": 180, "texture": "#6"},
				"down": {"uv": [7, 11, 8, 12], "texture": "#6"}
			}
		},
		{
			"name": "firework_rocket_30",
			"from": [8, 4, 7.5],
			"to": [9, 5, 8.5],
			"faces": {
				"north": {"uv": [8, 12, 9, 11], "rotation": 180, "texture": "#6"},
				"east": {"uv": [8, 11, 9, 12], "texture": "#6"},
				"south": {"uv": [8, 11, 9, 12], "texture": "#6"},
				"west": {"uv": [8, 11, 9, 12], "texture": "#6"},
				"up": {"uv": [9, 11, 8, 12], "rotation": 180, "texture": "#6"},
				"down": {"uv": [8, 11, 9, 12], "texture": "#6"}
			}
		},
		{
			"name": "firework_rocket_31",
			"from": [9, 4, 7.5],
			"to": [10, 5, 8.5],
			"faces": {
				"north": {"uv": [9, 12, 10, 11], "rotation": 180, "texture": "#6"},
				"east": {"uv": [9, 11, 10, 12], "texture": "#6"},
				"south": {"uv": [9, 11, 10, 12], "texture": "#6"},
				"west": {"uv": [9, 11, 10, 12], "texture": "#6"},
				"up": {"uv": [10, 11, 9, 12], "rotation": 180, "texture": "#6"},
				"down": {"uv": [9, 11, 10, 12], "texture": "#6"}
			}
		},
		{
			"name": "firework_rocket_32",
			"from": [7, 3, 7.5],
			"to": [8, 4, 8.5],
			"faces": {
				"north": {"uv": [7, 13, 8, 12], "rotation": 180, "texture": "#6"},
				"east": {"uv": [7, 12, 8, 13], "texture": "#6"},
				"south": {"uv": [7, 12, 8, 13], "texture": "#6"},
				"west": {"uv": [7, 12, 8, 13], "texture": "#6"},
				"up": {"uv": [8, 12, 7, 13], "rotation": 180, "texture": "#6"},
				"down": {"uv": [7, 12, 8, 13], "texture": "#6"}
			}
		},
		{
			"name": "firework_rocket_33",
			"from": [8, 3, 7.5],
			"to": [9, 4, 8.5],
			"faces": {
				"north": {"uv": [8, 13, 9, 12], "rotation": 180, "texture": "#6"},
				"east": {"uv": [8, 12, 9, 13], "texture": "#6"},
				"south": {"uv": [8, 12, 9, 13], "texture": "#6"},
				"west": {"uv": [8, 12, 9, 13], "texture": "#6"},
				"up": {"uv": [9, 12, 8, 13], "rotation": 180, "texture": "#6"},
				"down": {"uv": [8, 12, 9, 13], "texture": "#6"}
			}
		},
		{
			"name": "firework_rocket_34",
			"from": [9, 3, 7.5],
			"to": [10, 4, 8.5],
			"faces": {
				"north": {"uv": [9, 13, 10, 12], "rotation": 180, "texture": "#6"},
				"east": {"uv": [9, 12, 10, 13], "texture": "#6"},
				"south": {"uv": [9, 12, 10, 13], "texture": "#6"},
				"west": {"uv": [9, 12, 10, 13], "texture": "#6"},
				"up": {"uv": [10, 12, 9, 13], "rotation": 180, "texture": "#6"},
				"down": {"uv": [9, 12, 10, 13], "texture": "#6"}
			}
		},
		{
			"name": "firework_rocket_35",
			"from": [12, 3, 7.5],
			"to": [13, 4, 8.5],
			"faces": {
				"north": {"uv": [12, 13, 13, 12], "rotation": 180, "texture": "#6"},
				"east": {"uv": [12, 12, 13, 13], "texture": "#6"},
				"south": {"uv": [12, 12, 13, 13], "texture": "#6"},
				"west": {"uv": [12, 12, 13, 13], "texture": "#6"},
				"up": {"uv": [13, 12, 12, 13], "rotation": 180, "texture": "#6"},
				"down": {"uv": [12, 12, 13, 13], "texture": "#6"}
			}
		},
		{
			"name": "firework_rocket_36",
			"from": [13, 3, 7.5],
			"to": [14, 4, 8.5],
			"faces": {
				"north": {"uv": [13, 13, 14, 12], "rotation": 180, "texture": "#6"},
				"east": {"uv": [13, 12, 14, 13], "texture": "#6"},
				"south": {"uv": [13, 12, 14, 13], "texture": "#6"},
				"west": {"uv": [13, 12, 14, 13], "texture": "#6"},
				"up": {"uv": [14, 12, 13, 13], "rotation": 180, "texture": "#6"},
				"down": {"uv": [13, 12, 14, 13], "texture": "#6"}
			}
		},
		{
			"name": "firework_rocket_37",
			"from": [7, 2, 7.5],
			"to": [8, 3, 8.5],
			"faces": {
				"north": {"uv": [7, 14, 8, 13], "rotation": 180, "texture": "#6"},
				"east": {"uv": [7, 13, 8, 14], "texture": "#6"},
				"south": {"uv": [7, 13, 8, 14], "texture": "#6"},
				"west": {"uv": [7, 13, 8, 14], "texture": "#6"},
				"up": {"uv": [8, 13, 7, 14], "rotation": 180, "texture": "#6"},
				"down": {"uv": [7, 13, 8, 14], "texture": "#6"}
			}
		},
		{
			"name": "firework_rocket_38",
			"from": [8, 2, 7.5],
			"to": [9, 3, 8.5],
			"faces": {
				"north": {"uv": [8, 14, 9, 13], "rotation": 180, "texture": "#6"},
				"east": {"uv": [8, 13, 9, 14], "texture": "#6"},
				"south": {"uv": [8, 13, 9, 14], "texture": "#6"},
				"west": {"uv": [8, 13, 9, 14], "texture": "#6"},
				"up": {"uv": [9, 13, 8, 14], "rotation": 180, "texture": "#6"},
				"down": {"uv": [8, 13, 9, 14], "texture": "#6"}
			}
		},
		{
			"name": "firework_rocket_39",
			"from": [9, 2, 7.5],
			"to": [10, 3, 8.5],
			"faces": {
				"north": {"uv": [9, 14, 10, 13], "rotation": 180, "texture": "#6"},
				"east": {"uv": [9, 13, 10, 14], "texture": "#6"},
				"south": {"uv": [9, 13, 10, 14], "texture": "#6"},
				"west": {"uv": [9, 13, 10, 14], "texture": "#6"},
				"up": {"uv": [10, 13, 9, 14], "rotation": 180, "texture": "#6"},
				"down": {"uv": [9, 13, 10, 14], "texture": "#6"}
			}
		},
		{
			"name": "firework_rocket_40",
			"from": [11, 2, 7.5],
			"to": [12, 3, 8.5],
			"faces": {
				"north": {"uv": [11, 14, 12, 13], "rotation": 180, "texture": "#6"},
				"east": {"uv": [11, 13, 12, 14], "texture": "#6"},
				"south": {"uv": [11, 13, 12, 14], "texture": "#6"},
				"west": {"uv": [11, 13, 12, 14], "texture": "#6"},
				"up": {"uv": [12, 13, 11, 14], "rotation": 180, "texture": "#6"},
				"down": {"uv": [11, 13, 12, 14], "texture": "#6"}
			}
		},
		{
			"name": "firework_rocket_41",
			"from": [9, 1, 7.5],
			"to": [10, 2, 8.5],
			"faces": {
				"north": {"uv": [9, 15, 10, 14], "rotation": 180, "texture": "#6"},
				"east": {"uv": [9, 14, 10, 15], "texture": "#6"},
				"south": {"uv": [9, 14, 10, 15], "texture": "#6"},
				"west": {"uv": [9, 14, 10, 15], "texture": "#6"},
				"up": {"uv": [10, 14, 9, 15], "rotation": 180, "texture": "#6"},
				"down": {"uv": [9, 14, 10, 15], "texture": "#6"}
			}
		},
		{
			"name": "firework_rocket_42",
			"from": [10, 1, 7.5],
			"to": [11, 2, 8.5],
			"faces": {
				"north": {"uv": [10, 15, 11, 14], "rotation": 180, "texture": "#6"},
				"east": {"uv": [10, 14, 11, 15], "texture": "#6"},
				"south": {"uv": [10, 14, 11, 15], "texture": "#6"},
				"west": {"uv": [10, 14, 11, 15], "texture": "#6"},
				"up": {"uv": [11, 14, 10, 15], "rotation": 180, "texture": "#6"},
				"down": {"uv": [10, 14, 11, 15], "texture": "#6"}
			}
		}
	],
	"groups": [
		{
			"name": "firework_rocket",
			"origin": [8, 8, 8],
			"children": [0, 1, 2, 3, 4, 5, 6, 7, 8, 9, 10, 11, 12, 13, 14, 15, 16, 17, 18, 19, 20, 21, 22, 23, 24, 25, 26, 27, 28, 29, 30, 31, 32, 33, 34, 35, 36, 37, 38, 39, 40, 41, 42]
		}
	],
    "display": {
        "gui": {
            "rotation": 	[ 0, 0, 0 ],
            "translation": 	[ 0, 0, 0],
            "scale":		[ 1, 1, 1 ]
        },
        "ground": {
			"rotation": 	[ 0, 0, 0 ],
			"translation": 	[ 0, 3, 0 ],
			"scale": 		[ 0.50, 0.50, 0.50 ]
        },
        "fixed": {
			"rotation": 	[ 0, 180, 0 ],
			"translation": 	[ 0, 0, 0 ],
			"scale": 		[ 1.02, 1.02, 1.02 ]
        },
        "head": {
            "rotation": [ 0, 180, 0 ],
            "translation": [ 0, 13, 7],
            "scale":[ 1, 1, 1]
        },
        "thirdperson_righthand": {
            "rotation": [ 0, 0, 0 ],
            "translation": [ 0, 3, 1 ],
            "scale": [ 0.55, 0.55, 0.55 ]
        },
        "firstperson_righthand": {
            "rotation": [ 0, -90, 25 ],
            "translation": [ 1.13, 3.2, 1.13],
            "scale": [ 0.68, 0.68, 0.68 ]
        }
    }
}